,Country,Region,Happiness Rank,Happiness Score,Standard Error,Economy (GDP per Capita),Family,Health (Life Expectancy),Freedom,Trust (Government Corruption),Generosity,Dystopia Residual,Lower Confidence Interval,Upper Confidence Interval,Happiness.Rank,Happiness.Score,Whisker.high,Whisker.low,Economy..GDP.per.Capita.,Health..Life.Expectancy.,Trust..Government.Corruption.,Dystopia.Residual,Overall rank,Country or region,Score,GDP per capita,Social support,Healthy life expectancy,Freedom to make life choices,Perceptions of corruption
0,Switzerland,Western Europe,1.0,7.587,0.03411,1.39651,1.34951,0.94143,0.66557,0.41978,0.29678,2.51738,,,,,,,,,,,,,,,,,,
1,Iceland,Western Europe,2.0,7.561,0.04884,1.30232,1.40223,0.94784,0.62877,0.14145,0.4363,2.70201,,,,,,,,,,,,,,,,,,
2,Denmark,Western Europe,3.0,7.527,0.03328,1.32548,1.36058,0.87464,0.64938,0.48357,0.34139,2.49204,,,,,,,,,,,,,,,,,,
3,Norway,Western Europe,4.0,7.522,0.0388,1.459,1.33095,0.88521,0.66973,0.36503,0.34699,2.46531,,,,,,,,,,,,,,,,,,
4,Canada,North America,5.0,7.427,0.03553,1.32629,1.32261,0.90563,0.63297,0.32957,0.45811,2.45176,,,,,,,,,,,,,,,,,,
5,Finland,Western Europe,6.0,7.406,0.0314,1.29025,1.31826,0.88911,0.64169,0.41372,0.23351,2.61955,,,,,,,,,,,,,,,,,,
6,Netherlands,Western Europe,7.0,7.378,0.02799,1.32944,1.28017,0.89284,0.61576,0.31814,0.4761,2.4657,,,,,,,,,,,,,,,,,,
7,Sweden,Western Europe,8.0,7.364,0.03157,1.33171,1.28907,0.91087,0.6598,0.43844,0.36262,2.37119,,,,,,,,,,,,,,,,,,
8,New Zealand,Australia and New Zealand,9.0,7.286,0.03371,1.25018,1.31967,0.90837,0.63938,0.42922,0.47501,2.26425,,,,,,,,,,,,,,,,,,
9,Australia,Australia and New Zealand,10.0,7.284,0.04083,1.33358,1.30923,0.93156,0.65124,0.35637,0.43562,2.26646,,,,,,,,,,,,,,,,,,
10,Israel,Middle East and Northern Africa,11.0,7.278,0.0347,1.22857,1.22393,0.91387,0.41319,0.07785,0.33172,3.08854,,,,,,,,,,,,,,,,,,
11,Costa Rica,Latin America and Caribbean,12.0,7.226,0.04454,0.95578,1.23788,0.86027,0.63376,0.10583,0.25497,3.17728,,,,,,,,,,,,,,,,,,
12,Austria,Western Europe,13.0,7.2,0.03751,1.33723,1.29704,0.89042,0.62433,0.18676,0.33088,2.5332,,,,,,,,,,,,,,,,,,
13,Mexico,Latin America and Caribbean,14.0,7.187,0.04176,1.02054,0.91451,0.81444,0.48181,0.21312,0.14074,3.60214,,,,,,,,,,,,,,,,,,
14,United States,North America,15.0,7.119,0.03839,1.39451,1.24711,0.86179,0.54604,0.1589,0.40105,2.51011,,,,,,,,,,,,,,,,,,
15,Brazil,Latin America and Caribbean,16.0,6.983,0.04076,0.98124,1.23287,0.69702,0.49049,0.17521,0.14574,3.26001,,,,,,,,,,,,,,,,,,
16,Luxembourg,Western Europe,17.0,6.946,0.03499,1.56391,1.21963,0.91894,0.61583,0.37798,0.28034,1.96961,,,,,,,,,,,,,,,,,,
17,Ireland,Western Europe,18.0,6.94,0.03676,1.33596,1.36948,0.89533,0.61777,0.28703,0.45901,1.9757,,,,,,,,,,,,,,,,,,
18,Belgium,Western Europe,19.0,6.937,0.03595,1.30782,1.28566,0.89667,0.5845,0.2254,0.2225,2.41484,,,,,,,,,,,,,,,,,,
19,United Arab Emirates,Middle East and Northern Africa,20.0,6.901,0.03729,1.42727,1.12575,0.80925,0.64157,0.38583,0.26428,2.24743,,,,,,,,,,,,,,,,,,
20,United Kingdom,Western Europe,21.0,6.867,0.01866,1.26637,1.28548,0.90943,0.59625,0.32067,0.51912,1.96994,,,,,,,,,,,,,,,,,,
21,Oman,Middle East and Northern Africa,22.0,6.853,0.05335,1.36011,1.08182,0.76276,0.63274,0.32524,0.21542,2.47489,,,,,,,,,,,,,,,,,,
22,Venezuela,Latin America and Caribbean,23.0,6.81,0.06476,1.04424,1.25596,0.72052,0.42908,0.11069,0.05841,3.19131,,,,,,,,,,,,,,,,,,
23,Singapore,Southeastern Asia,24.0,6.798,0.0378,1.52186,1.02,1.02525,0.54252,0.4921,0.31105,1.88501,,,,,,,,,,,,,,,,,,
24,Panama,Latin America and Caribbean,25.0,6.786,0.0491,1.06353,1.1985,0.79661,0.5421,0.0927,0.24434,2.84848,,,,,,,,,,,,,,,,,,
25,Germany,Western Europe,26.0,6.75,0.01848,1.32792,1.29937,0.89186,0.61477,0.21843,0.28214,2.11569,,,,,,,,,,,,,,,,,,
26,Chile,Latin America and Caribbean,27.0,6.67,0.058,1.10715,1.12447,0.85857,0.44132,0.12869,0.33363,2.67585,,,,,,,,,,,,,,,,,,
27,Qatar,Middle East and Northern Africa,28.0,6.611,0.06257,1.69042,1.0786,0.79733,0.6404,0.52208,0.32573,1.55674,,,,,,,,,,,,,,,,,,
28,France,Western Europe,29.0,6.575,0.03512,1.27778,1.26038,0.94579,0.55011,0.20646,0.12332,2.21126,,,,,,,,,,,,,,,,,,
29,Argentina,Latin America and Caribbean,30.0,6.574,0.04612,1.05351,1.24823,0.78723,0.44974,0.08484,0.11451,2.836,,,,,,,,,,,,,,,,,,
30,Czech Republic,Central and Eastern Europe,31.0,6.505,0.04168,1.17898,1.20643,0.84483,0.46364,0.02652,0.10686,2.67782,,,,,,,,,,,,,,,,,,
31,Uruguay,Latin America and Caribbean,32.0,6.485,0.04539,1.06166,1.2089,0.8116,0.60362,0.24558,0.2324,2.32142,,,,,,,,,,,,,,,,,,
32,Colombia,Latin America and Caribbean,33.0,6.477,0.05051,0.91861,1.24018,0.69077,0.53466,0.0512,0.18401,2.85737,,,,,,,,,,,,,,,,,,
33,Thailand,Southeastern Asia,34.0,6.455,0.03557,0.9669,1.26504,0.7385,0.55664,0.03187,0.5763,2.31945,,,,,,,,,,,,,,,,,,
34,Saudi Arabia,Middle East and Northern Africa,35.0,6.411,0.04633,1.39541,1.08393,0.72025,0.31048,0.32524,0.13706,2.43872,,,,,,,,,,,,,,,,,,
35,Spain,Western Europe,36.0,6.329,0.03468,1.23011,1.31379,0.95562,0.45951,0.06398,0.18227,2.12367,,,,,,,,,,,,,,,,,,
36,Malta,Western Europe,37.0,6.302,0.04206,1.2074,1.30203,0.88721,0.60365,0.13586,0.51752,1.6488,,,,,,,,,,,,,,,,,,
37,Taiwan,Eastern Asia,38.0,6.298,0.03868,1.29098,1.07617,0.8753,0.3974,0.08129,0.25376,2.32323,,,,,,,,,,,,,,,,,,
38,Kuwait,Middle East and Northern Africa,39.0,6.295,0.04456,1.55422,1.16594,0.72492,0.55499,0.25609,0.16228,1.87634,,,,,,,,,,,,,,,,,,
39,Suriname,Latin America and Caribbean,40.0,6.269,0.09811,0.99534,0.972,0.6082,0.59657,0.13633,0.16991,2.79094,,,,,,,,,,,,,,,,,,
40,Trinidad and Tobago,Latin America and Caribbean,41.0,6.168,0.10895,1.21183,1.18354,0.61483,0.55884,0.0114,0.31844,2.26882,,,,,,,,,,,,,,,,,,
41,El Salvador,Latin America and Caribbean,42.0,6.13,0.05618,0.76454,1.02507,0.67737,0.4035,0.11776,0.10692,3.035,,,,,,,,,,,,,,,,,,
42,Guatemala,Latin America and Caribbean,43.0,6.123,0.05224,0.74553,1.04356,0.64425,0.57733,0.09472,0.27489,2.74255,,,,,,,,,,,,,,,,,,
43,Uzbekistan,Central and Eastern Europe,44.0,6.003,0.04361,0.63244,1.34043,0.59772,0.65821,0.30826,0.22837,2.23741,,,,,,,,,,,,,,,,,,
44,Slovakia,Central and Eastern Europe,45.0,5.995,0.04267,1.16891,1.26999,0.78902,0.31751,0.03431,0.16893,2.24639,,,,,,,,,,,,,,,,,,
45,Japan,Eastern Asia,46.0,5.987,0.03581,1.27074,1.25712,0.99111,0.49615,0.1806,0.10705,1.68435,,,,,,,,,,,,,,,,,,
46,South Korea,Eastern Asia,47.0,5.984,0.04098,1.24461,0.95774,0.96538,0.33208,0.07857,0.18557,2.21978,,,,,,,,,,,,,,,,,,
47,Ecuador,Latin America and Caribbean,48.0,5.975,0.04528,0.86402,0.99903,0.79075,0.48574,0.1809,0.11541,2.53942,,,,,,,,,,,,,,,,,,
48,Bahrain,Middle East and Northern Africa,49.0,5.96,0.05412,1.32376,1.21624,0.74716,0.45492,0.306,0.17362,1.73797,,,,,,,,,,,,,,,,,,
49,Italy,Western Europe,50.0,5.948,0.03914,1.25114,1.19777,0.95446,0.26236,0.02901,0.22823,2.02518,,,,,,,,,,,,,,,,,,
50,Bolivia,Latin America and Caribbean,51.0,5.89,0.05642,0.68133,0.97841,0.5392,0.57414,0.088,0.20536,2.82334,,,,,,,,,,,,,,,,,,
51,Moldova,Central and Eastern Europe,52.0,5.889,0.03799,0.59448,1.01528,0.61826,0.32818,0.01615,0.20951,3.10712,,,,,,,,,,,,,,,,,,
52,Paraguay,Latin America and Caribbean,53.0,5.878,0.04563,0.75985,1.30477,0.66098,0.53899,0.08242,0.3424,2.18896,,,,,,,,,,,,,,,,,,
53,Kazakhstan,Central and Eastern Europe,54.0,5.855,0.04114,1.12254,1.12241,0.64368,0.51649,0.08454,0.11827,2.24729,,,,,,,,,,,,,,,,,,
54,Slovenia,Central and Eastern Europe,55.0,5.848,0.04251,1.18498,1.27385,0.87337,0.60855,0.03787,0.25328,1.61583,,,,,,,,,,,,,,,,,,
55,Lithuania,Central and Eastern Europe,56.0,5.833,0.03843,1.14723,1.25745,0.73128,0.21342,0.01031,0.02641,2.44649,,,,,,,,,,,,,,,,,,
56,Nicaragua,Latin America and Caribbean,57.0,5.828,0.05371,0.59325,1.14184,0.74314,0.55475,0.19317,0.27815,2.32407,,,,,,,,,,,,,,,,,,
57,Peru,Latin America and Caribbean,58.0,5.824,0.04615,0.90019,0.97459,0.73017,0.41496,0.05989,0.14982,2.5945,,,,,,,,,,,,,,,,,,
58,Belarus,Central and Eastern Europe,59.0,5.813,0.03938,1.03192,1.23289,0.73608,0.37938,0.1909,0.11046,2.1309,,,,,,,,,,,,,,,,,,
59,Poland,Central and Eastern Europe,60.0,5.791,0.04263,1.12555,1.27948,0.77903,0.53122,0.04212,0.16759,1.86565,,,,,,,,,,,,,,,,,,
60,Malaysia,Southeastern Asia,61.0,5.77,0.0433,1.12486,1.07023,0.72394,0.53024,0.10501,0.33075,1.88541,,,,,,,,,,,,,,,,,,
61,Croatia,Central and Eastern Europe,62.0,5.759,0.04394,1.08254,0.79624,0.78805,0.25883,0.0243,0.05444,2.75414,,,,,,,,,,,,,,,,,,
62,Libya,Middle East and Northern Africa,63.0,5.754,0.07832,1.13145,1.11862,0.7038,0.41668,0.11023,0.18295,2.09066,,,,,,,,,,,,,,,,,,
63,Russia,Central and Eastern Europe,64.0,5.716,0.03135,1.13764,1.23617,0.66926,0.36679,0.03005,0.00199,2.27394,,,,,,,,,,,,,,,,,,
64,Jamaica,Latin America and Caribbean,65.0,5.709,0.13693,0.81038,1.15102,0.68741,0.50442,0.02299,0.2123,2.32038,,,,,,,,,,,,,,,,,,
65,North Cyprus,Western Europe,66.0,5.695,0.05635,1.20806,1.07008,0.92356,0.49027,0.1428,0.26169,1.59888,,,,,,,,,,,,,,,,,,
66,Cyprus,Western Europe,67.0,5.689,0.0558,1.20813,0.89318,0.92356,0.40672,0.06146,0.30638,1.88931,,,,,,,,,,,,,,,,,,
67,Algeria,Middle East and Northern Africa,68.0,5.605,0.05099,0.93929,1.07772,0.61766,0.28579,0.17383,0.07822,2.43209,,,,,,,,,,,,,,,,,,
68,Kosovo,Central and Eastern Europe,69.0,5.589,0.05018,0.80148,0.81198,0.63132,0.24749,0.04741,0.2831,2.76579,,,,,,,,,,,,,,,,,,
69,Turkmenistan,Central and Eastern Europe,70.0,5.548,0.04175,0.95847,1.22668,0.53886,0.4761,0.30844,0.16979,1.86984,,,,,,,,,,,,,,,,,,
70,Mauritius,Sub-Saharan Africa,71.0,5.477,0.07197,1.00761,0.98521,0.7095,0.56066,0.07521,0.37744,1.76145,,,,,,,,,,,,,,,,,,
71,Hong Kong,Eastern Asia,72.0,5.474,0.05051,1.38604,1.05818,1.01328,0.59608,0.37124,0.39478,0.65429,,,,,,,,,,,,,,,,,,
72,Estonia,Central and Eastern Europe,73.0,5.429,0.04013,1.15174,1.22791,0.77361,0.44888,0.15184,0.0868,1.58782,,,,,,,,,,,,,,,,,,
73,Indonesia,Southeastern Asia,74.0,5.399,0.02596,0.82827,1.08708,0.63793,0.46611,0.0,0.51535,1.86399,,,,,,,,,,,,,,,,,,
74,Vietnam,Southeastern Asia,75.0,5.36,0.03107,0.63216,0.91226,0.74676,0.59444,0.10441,0.1686,2.20173,,,,,,,,,,,,,,,,,,
75,Turkey,Middle East and Northern Africa,76.0,5.332,0.03864,1.06098,0.94632,0.73172,0.22815,0.15746,0.12253,2.08528,,,,,,,,,,,,,,,,,,
76,Kyrgyzstan,Central and Eastern Europe,77.0,5.286,0.03823,0.47428,1.15115,0.65088,0.43477,0.04232,0.3003,2.2327,,,,,,,,,,,,,,,,,,
77,Nigeria,Sub-Saharan Africa,78.0,5.268,0.04192,0.65435,0.90432,0.16007,0.34334,0.0403,0.27233,2.89319,,,,,,,,,,,,,,,,,,
78,Bhutan,Southern Asia,79.0,5.253,0.03225,0.77042,1.10395,0.57407,0.53206,0.15445,0.47998,1.63794,,,,,,,,,,,,,,,,,,
79,Azerbaijan,Central and Eastern Europe,80.0,5.212,0.03363,1.02389,0.93793,0.64045,0.3703,0.16065,0.07799,2.00073,,,,,,,,,,,,,,,,,,
80,Pakistan,Southern Asia,81.0,5.194,0.03726,0.59543,0.41411,0.51466,0.12102,0.10464,0.33671,3.10709,,,,,,,,,,,,,,,,,,
81,Jordan,Middle East and Northern Africa,82.0,5.192,0.04524,0.90198,1.05392,0.69639,0.40661,0.14293,0.11053,1.87996,,,,,,,,,,,,,,,,,,
82,Montenegro,Central and Eastern Europe,82.0,5.192,0.05235,0.97438,0.90557,0.72521,0.1826,0.14296,0.1614,2.10017,,,,,,,,,,,,,,,,,,
83,China,Eastern Asia,84.0,5.14,0.02424,0.89012,0.94675,0.81658,0.51697,0.02781,0.08185,1.8604,,,,,,,,,,,,,,,,,,
84,Zambia,Sub-Saharan Africa,85.0,5.129,0.06988,0.47038,0.91612,0.29924,0.48827,0.12468,0.19591,2.6343,,,,,,,,,,,,,,,,,,
85,Romania,Central and Eastern Europe,86.0,5.124,0.06607,1.04345,0.88588,0.7689,0.35068,0.00649,0.13748,1.93129,,,,,,,,,,,,,,,,,,
86,Serbia,Central and Eastern Europe,87.0,5.123,0.04864,0.92053,1.00964,0.74836,0.20107,0.02617,0.19231,2.025,,,,,,,,,,,,,,,,,,
87,Portugal,Western Europe,88.0,5.102,0.04802,1.15991,1.13935,0.87519,0.51469,0.01078,0.13719,1.26462,,,,,,,,,,,,,,,,,,
88,Latvia,Central and Eastern Europe,89.0,5.098,0.0464,1.11312,1.09562,0.72437,0.29671,0.06332,0.18226,1.62215,,,,,,,,,,,,,,,,,,
89,Philippines,Southeastern Asia,90.0,5.073,0.04934,0.70532,1.03516,0.58114,0.62545,0.12279,0.24991,1.7536,,,,,,,,,,,,,,,,,,
90,Somaliland region,Sub-Saharan Africa,91.0,5.057,0.06161,0.18847,0.95152,0.43873,0.46582,0.39928,0.50318,2.11032,,,,,,,,,,,,,,,,,,
91,Morocco,Middle East and Northern Africa,92.0,5.013,0.0342,0.73479,0.64095,0.60954,0.41691,0.08546,0.07172,2.45373,,,,,,,,,,,,,,,,,,
92,Macedonia,Central and Eastern Europe,93.0,5.007,0.05376,0.91851,1.00232,0.73545,0.33457,0.05327,0.22359,1.73933,,,,,,,,,,,,,,,,,,
93,Mozambique,Sub-Saharan Africa,94.0,4.971,0.07896,0.08308,1.02626,0.09131,0.34037,0.15603,0.22269,3.05137,,,,,,,,,,,,,,,,,,
94,Albania,Central and Eastern Europe,95.0,4.959,0.05013,0.87867,0.80434,0.81325,0.35733,0.06413,0.14272,1.89894,,,,,,,,,,,,,,,,,,
95,Bosnia and Herzegovina,Central and Eastern Europe,96.0,4.949,0.06913,0.83223,0.91916,0.79081,0.09245,0.00227,0.24808,2.06367,,,,,,,,,,,,,,,,,,
96,Lesotho,Sub-Saharan Africa,97.0,4.898,0.09438,0.37545,1.04103,0.07612,0.31767,0.12504,0.16388,2.79832,,,,,,,,,,,,,,,,,,
97,Dominican Republic,Latin America and Caribbean,98.0,4.885,0.07446,0.89537,1.17202,0.66825,0.57672,0.14234,0.21684,1.21305,,,,,,,,,,,,,,,,,,
98,Laos,Southeastern Asia,99.0,4.876,0.06698,0.59066,0.73803,0.54909,0.59591,0.24249,0.42192,1.73799,,,,,,,,,,,,,,,,,,
99,Mongolia,Eastern Asia,100.0,4.874,0.03313,0.82819,1.3006,0.60268,0.43626,0.02666,0.3323,1.34759,,,,,,,,,,,,,,,,,,
100,Swaziland,Sub-Saharan Africa,101.0,4.867,0.08742,0.71206,1.07284,0.07566,0.30658,0.0306,0.18259,2.48676,,,,,,,,,,,,,,,,,,
101,Greece,Western Europe,102.0,4.857,0.05062,1.15406,0.92933,0.88213,0.07699,0.01397,0.0,1.80101,,,,,,,,,,,,,,,,,,
102,Lebanon,Middle East and Northern Africa,103.0,4.839,0.04337,1.02564,0.80001,0.83947,0.33916,0.04582,0.21854,1.57059,,,,,,,,,,,,,,,,,,
103,Hungary,Central and Eastern Europe,104.0,4.8,0.06107,1.12094,1.20215,0.75905,0.32112,0.02758,0.128,1.24074,,,,,,,,,,,,,,,,,,
104,Honduras,Latin America and Caribbean,105.0,4.788,0.05648,0.59532,0.95348,0.6951,0.40148,0.06825,0.23027,1.84408,,,,,,,,,,,,,,,,,,
105,Tajikistan,Central and Eastern Europe,106.0,4.786,0.03198,0.39047,0.85563,0.57379,0.47216,0.15072,0.22974,2.11399,,,,,,,,,,,,,,,,,,
106,Tunisia,Middle East and Northern Africa,107.0,4.739,0.03589,0.88113,0.60429,0.73793,0.26268,0.06358,0.06431,2.12466,,,,,,,,,,,,,,,,,,
107,Palestinian Territories,Middle East and Northern Africa,108.0,4.715,0.04394,0.59867,0.92558,0.66015,0.24499,0.12905,0.11251,2.04384,,,,,,,,,,,,,,,,,,
108,Bangladesh,Southern Asia,109.0,4.694,0.03077,0.39753,0.43106,0.60164,0.4082,0.12569,0.21222,2.51767,,,,,,,,,,,,,,,,,,
109,Iran,Middle East and Northern Africa,110.0,4.686,0.04449,1.0088,0.54447,0.69805,0.30033,0.05863,0.38086,1.6944,,,,,,,,,,,,,,,,,,
110,Ukraine,Central and Eastern Europe,111.0,4.681,0.04412,0.79907,1.20278,0.6739,0.25123,0.02961,0.15275,1.5714,,,,,,,,,,,,,,,,,,
111,Iraq,Middle East and Northern Africa,112.0,4.677,0.05232,0.98549,0.81889,0.60237,0.0,0.13788,0.17922,1.95335,,,,,,,,,,,,,,,,,,
112,South Africa,Sub-Saharan Africa,113.0,4.642,0.04585,0.92049,1.18468,0.27688,0.33207,0.08884,0.11973,1.71956,,,,,,,,,,,,,,,,,,
113,Ghana,Sub-Saharan Africa,114.0,4.633,0.04742,0.54558,0.67954,0.40132,0.42342,0.04355,0.23087,2.30919,,,,,,,,,,,,,,,,,,
114,Zimbabwe,Sub-Saharan Africa,115.0,4.61,0.0429,0.271,1.03276,0.33475,0.25861,0.08079,0.18987,2.44191,,,,,,,,,,,,,,,,,,
115,Liberia,Sub-Saharan Africa,116.0,4.571,0.11068,0.0712,0.78968,0.34201,0.28531,0.06232,0.24362,2.77729,,,,,,,,,,,,,,,,,,
116,India,Southern Asia,117.0,4.565,0.02043,0.64499,0.38174,0.51529,0.39786,0.08492,0.26475,2.27513,,,,,,,,,,,,,,,,,,
117,Sudan,Sub-Saharan Africa,118.0,4.55,0.0674,0.52107,1.01404,0.36878,0.10081,0.1466,0.19062,2.20857,,,,,,,,,,,,,,,,,,
118,Haiti,Latin America and Caribbean,119.0,4.518,0.07331,0.26673,0.74302,0.38847,0.24425,0.17175,0.46187,2.24173,,,,,,,,,,,,,,,,,,
119,Congo (Kinshasa),Sub-Saharan Africa,120.0,4.517,0.0368,0.0,1.0012,0.09806,0.22605,0.07625,0.24834,2.86712,,,,,,,,,,,,,,,,,,
120,Nepal,Southern Asia,121.0,4.514,0.03607,0.35997,0.86449,0.56874,0.38282,0.05907,0.32296,1.95637,,,,,,,,,,,,,,,,,,
121,Ethiopia,Sub-Saharan Africa,122.0,4.512,0.0378,0.19073,0.60406,0.44055,0.4345,0.15048,0.24325,2.44876,,,,,,,,,,,,,,,,,,
122,Sierra Leone,Sub-Saharan Africa,123.0,4.507,0.07068,0.33024,0.95571,0.0,0.4084,0.08786,0.21488,2.51009,,,,,,,,,,,,,,,,,,
123,Mauritania,Sub-Saharan Africa,124.0,4.436,0.03947,0.45407,0.86908,0.35874,0.24232,0.17461,0.219,2.11773,,,,,,,,,,,,,,,,,,
124,Kenya,Sub-Saharan Africa,125.0,4.419,0.04734,0.36471,0.99876,0.41435,0.42215,0.05839,0.37542,1.78555,,,,,,,,,,,,,,,,,,
125,Djibouti,Sub-Saharan Africa,126.0,4.369,0.08096,0.44025,0.59207,0.36291,0.46074,0.28105,0.18093,2.05125,,,,,,,,,,,,,,,,,,
126,Armenia,Central and Eastern Europe,127.0,4.35,0.04763,0.76821,0.77711,0.7299,0.19847,0.039,0.07855,1.75873,,,,,,,,,,,,,,,,,,
127,Botswana,Sub-Saharan Africa,128.0,4.332,0.04934,0.99355,1.10464,0.04776,0.49495,0.12474,0.10461,1.46181,,,,,,,,,,,,,,,,,,
128,Myanmar,Southeastern Asia,129.0,4.307,0.04351,0.27108,0.70905,0.48246,0.44017,0.19034,0.79588,1.41805,,,,,,,,,,,,,,,,,,
129,Georgia,Central and Eastern Europe,130.0,4.297,0.04221,0.7419,0.38562,0.72926,0.40577,0.38331,0.05547,1.59541,,,,,,,,,,,,,,,,,,
130,Malawi,Sub-Saharan Africa,131.0,4.292,0.0613,0.01604,0.41134,0.22562,0.43054,0.06977,0.33128,2.80791,,,,,,,,,,,,,,,,,,
131,Sri Lanka,Southern Asia,132.0,4.271,0.03751,0.83524,1.01905,0.70806,0.53726,0.09179,0.40828,0.67108,,,,,,,,,,,,,,,,,,
132,Cameroon,Sub-Saharan Africa,133.0,4.252,0.04678,0.4225,0.88767,0.23402,0.49309,0.05786,0.20618,1.95071,,,,,,,,,,,,,,,,,,
133,Bulgaria,Central and Eastern Europe,134.0,4.218,0.04828,1.01216,1.10614,0.76649,0.30587,0.00872,0.11921,0.89991,,,,,,,,,,,,,,,,,,
134,Egypt,Middle East and Northern Africa,135.0,4.194,0.0326,0.8818,0.747,0.61712,0.17288,0.06324,0.11291,1.59927,,,,,,,,,,,,,,,,,,
135,Yemen,Middle East and Northern Africa,136.0,4.077,0.04367,0.54649,0.68093,0.40064,0.35571,0.07854,0.09131,1.92313,,,,,,,,,,,,,,,,,,
136,Angola,Sub-Saharan Africa,137.0,4.033,0.04758,0.75778,0.8604,0.16683,0.10384,0.07122,0.12344,1.94939,,,,,,,,,,,,,,,,,,
137,Mali,Sub-Saharan Africa,138.0,3.995,0.05602,0.26074,1.03526,0.20583,0.38857,0.12352,0.18798,1.79293,,,,,,,,,,,,,,,,,,
138,Congo (Brazzaville),Sub-Saharan Africa,139.0,3.989,0.06682,0.67866,0.6629,0.31051,0.41466,0.11686,0.12388,1.68135,,,,,,,,,,,,,,,,,,
139,Comoros,Sub-Saharan Africa,140.0,3.956,0.04797,0.23906,0.79273,0.36315,0.22917,0.199,0.17441,1.95812,,,,,,,,,,,,,,,,,,
140,Uganda,Sub-Saharan Africa,141.0,3.931,0.04317,0.21102,1.13299,0.33861,0.45727,0.07267,0.29066,1.42766,,,,,,,,,,,,,,,,,,
141,Senegal,Sub-Saharan Africa,142.0,3.904,0.03608,0.36498,0.97619,0.4354,0.36772,0.10713,0.20843,1.44395,,,,,,,,,,,,,,,,,,
142,Gabon,Sub-Saharan Africa,143.0,3.896,0.04547,1.06024,0.90528,0.43372,0.31914,0.11091,0.06822,0.99895,,,,,,,,,,,,,,,,,,
143,Niger,Sub-Saharan Africa,144.0,3.845,0.03602,0.0694,0.77265,0.29707,0.47692,0.15639,0.19387,1.87877,,,,,,,,,,,,,,,,,,
144,Cambodia,Southeastern Asia,145.0,3.819,0.05069,0.46038,0.62736,0.61114,0.66246,0.07247,0.40359,0.98195,,,,,,,,,,,,,,,,,,
145,Tanzania,Sub-Saharan Africa,146.0,3.781,0.05061,0.2852,1.00268,0.38215,0.32878,0.05747,0.34377,1.38079,,,,,,,,,,,,,,,,,,
146,Madagascar,Sub-Saharan Africa,147.0,3.681,0.03633,0.20824,0.66801,0.46721,0.19184,0.08124,0.21333,1.851,,,,,,,,,,,,,,,,,,
147,Central African Republic,Sub-Saharan Africa,148.0,3.678,0.06112,0.0785,0.0,0.06699,0.48879,0.08289,0.23835,2.7223,,,,,,,,,,,,,,,,,,
148,Chad,Sub-Saharan Africa,149.0,3.667,0.0383,0.34193,0.76062,0.1501,0.23501,0.05269,0.18386,1.94296,,,,,,,,,,,,,,,,,,
149,Guinea,Sub-Saharan Africa,150.0,3.656,0.0359,0.17417,0.46475,0.24009,0.37725,0.12139,0.28657,1.99172,,,,,,,,,,,,,,,,,,
150,Ivory Coast,Sub-Saharan Africa,151.0,3.655,0.05141,0.46534,0.77115,0.15185,0.46866,0.17922,0.20165,1.41723,,,,,,,,,,,,,,,,,,
151,Burkina Faso,Sub-Saharan Africa,152.0,3.587,0.04324,0.25812,0.85188,0.27125,0.39493,0.12832,0.21747,1.46494,,,,,,,,,,,,,,,,,,
152,Afghanistan,Southern Asia,153.0,3.575,0.03084,0.31982,0.30285,0.30335,0.23414,0.09719,0.3651,1.9521,,,,,,,,,,,,,,,,,,
153,Rwanda,Sub-Saharan Africa,154.0,3.465,0.03464,0.22208,0.7737,0.42864,0.59201,0.55191,0.22628,0.67042,,,,,,,,,,,,,,,,,,
154,Benin,Sub-Saharan Africa,155.0,3.34,0.03656,0.28665,0.35386,0.3191,0.4845,0.0801,0.1826,1.63328,,,,,,,,,,,,,,,,,,
155,Syria,Middle East and Northern Africa,156.0,3.006,0.05015,0.6632,0.47489,0.72193,0.15684,0.18906,0.47179,0.32858,,,,,,,,,,,,,,,,,,
156,Burundi,Sub-Saharan Africa,157.0,2.905,0.08658,0.0153,0.41587,0.22396,0.1185,0.10062,0.19727,1.83302,,,,,,,,,,,,,,,,,,
157,Togo,Sub-Saharan Africa,158.0,2.839,0.06727,0.20868,0.13995,0.28443,0.36453,0.10731,0.16681,1.56726,,,,,,,,,,,,,,,,,,
0,Denmark,Western Europe,1.0,7.526,,1.44178,1.16374,0.79504,0.57941,0.44453,0.36171,2.73939,7.46,7.592,,,,,,,,,,,,,,,,
1,Switzerland,Western Europe,2.0,7.509,,1.52733,1.14524,0.86303,0.58557,0.41203,0.28083,2.69463,7.428,7.59,,,,,,,,,,,,,,,,
2,Iceland,Western Europe,3.0,7.501,,1.42666,1.18326,0.86733,0.56624,0.14975,0.47678,2.83137,7.333,7.669,,,,,,,,,,,,,,,,
3,Norway,Western Europe,4.0,7.498,,1.57744,1.1269,0.79579,0.59609,0.35776,0.37895,2.66465,7.421,7.575,,,,,,,,,,,,,,,,
4,Finland,Western Europe,5.0,7.413,,1.40598,1.13464,0.81091,0.57104,0.41004,0.25492,2.82596,7.351,7.475,,,,,,,,,,,,,,,,
5,Canada,North America,6.0,7.404,,1.44015,1.0961,0.8276,0.5737,0.31329,0.44834,2.70485,7.335,7.473,,,,,,,,,,,,,,,,
6,Netherlands,Western Europe,7.0,7.339,,1.46468,1.02912,0.81231,0.55211,0.29927,0.47416,2.70749,7.284,7.394,,,,,,,,,,,,,,,,
7,New Zealand,Australia and New Zealand,8.0,7.334,,1.36066,1.17278,0.83096,0.58147,0.41904,0.49401,2.47553,7.264,7.404,,,,,,,,,,,,,,,,
8,Australia,Australia and New Zealand,9.0,7.313,,1.44443,1.10476,0.8512,0.56837,0.32331,0.47407,2.5465,7.241,7.385,,,,,,,,,,,,,,,,
9,Sweden,Western Europe,10.0,7.291,,1.45181,1.08764,0.83121,0.58218,0.40867,0.38254,2.54734,7.227,7.355,,,,,,,,,,,,,,,,
10,Israel,Middle East and Northern Africa,11.0,7.267,,1.33766,0.99537,0.84917,0.36432,0.08728,0.32288,3.31029,7.199,7.335,,,,,,,,,,,,,,,,
11,Austria,Western Europe,12.0,7.119,,1.45038,1.08383,0.80565,0.54355,0.21348,0.32865,2.69343,7.045,7.193,,,,,,,,,,,,,,,,
12,United States,North America,13.0,7.104,,1.50796,1.04782,0.779,0.48163,0.14868,0.41077,2.72782,7.02,7.188,,,,,,,,,,,,,,,,
13,Costa Rica,Latin America and Caribbean,14.0,7.087,,1.06879,1.02152,0.76146,0.55225,0.10547,0.22553,3.35168,6.999,7.175,,,,,,,,,,,,,,,,
14,Puerto Rico,Latin America and Caribbean,15.0,7.039,,1.35943,1.08113,0.77758,0.46823,0.12275,0.22202,3.0076,6.794,7.284,,,,,,,,,,,,,,,,
15,Germany,Western Europe,16.0,6.994,,1.44787,1.09774,0.81487,0.53466,0.28551,0.30452,2.50931,6.93,7.058,,,,,,,,,,,,,,,,
16,Brazil,Latin America and Caribbean,17.0,6.952,,1.08754,1.03938,0.61415,0.40425,0.14166,0.15776,3.50733,6.875,7.029,,,,,,,,,,,,,,,,
17,Belgium,Western Europe,18.0,6.929,,1.42539,1.05249,0.81959,0.51354,0.26248,0.2424,2.61355,6.861,6.997,,,,,,,,,,,,,,,,
18,Ireland,Western Europe,19.0,6.907,,1.48341,1.16157,0.81455,0.54008,0.29754,0.44963,2.15988,6.836,6.978,,,,,,,,,,,,,,,,
19,Luxembourg,Western Europe,20.0,6.871,,1.69752,1.03999,0.84542,0.5487,0.35329,0.27571,2.11055,6.804,6.938,,,,,,,,,,,,,,,,
20,Mexico,Latin America and Caribbean,21.0,6.778,,1.11508,0.7146,0.71143,0.37709,0.18355,0.11735,3.55906,6.68,6.876,,,,,,,,,,,,,,,,
21,Singapore,Southeastern Asia,22.0,6.739,,1.64555,0.86758,0.94719,0.4877,0.46987,0.32706,1.99375,6.674,6.804,,,,,,,,,,,,,,,,
22,United Kingdom,Western Europe,23.0,6.725,,1.40283,1.08672,0.80991,0.50036,0.27399,0.50156,2.14999,6.647,6.803,,,,,,,,,,,,,,,,
23,Chile,Latin America and Caribbean,24.0,6.705,,1.2167,0.90587,0.81883,0.37789,0.11451,0.31595,2.95505,6.615,6.795,,,,,,,,,,,,,,,,
24,Panama,Latin America and Caribbean,25.0,6.701,,1.18306,0.98912,0.70835,0.48927,0.08423,0.2418,3.00559,6.601,6.801,,,,,,,,,,,,,,,,
25,Argentina,Latin America and Caribbean,26.0,6.65,,1.15137,1.06612,0.69711,0.42284,0.07296,0.10989,3.12985,6.56,6.74,,,,,,,,,,,,,,,,
26,Czech Republic,Central and Eastern Europe,27.0,6.596,,1.30915,1.00793,0.76376,0.41418,0.03986,0.09929,2.96211,6.515,6.677,,,,,,,,,,,,,,,,
27,United Arab Emirates,Middle East and Northern Africa,28.0,6.573,,1.57352,0.87114,0.72993,0.56215,0.35561,0.26591,2.21507,6.494,6.652,,,,,,,,,,,,,,,,
28,Uruguay,Latin America and Caribbean,29.0,6.545,,1.18157,1.03143,0.72183,0.54388,0.21394,0.18056,2.67139,6.456,6.634,,,,,,,,,,,,,,,,
29,Malta,Western Europe,30.0,6.488,,1.30782,1.09879,0.80315,0.54994,0.17554,0.56237,1.99032,6.409,6.567,,,,,,,,,,,,,,,,
30,Colombia,Latin America and Caribbean,31.0,6.481,,1.03032,1.02169,0.59659,0.44735,0.05399,0.15626,3.17471,6.384,6.578,,,,,,,,,,,,,,,,
31,France,Western Europe,32.0,6.478,,1.39488,1.00508,0.83795,0.46562,0.17808,0.1216,2.4744,6.397,6.559,,,,,,,,,,,,,,,,
32,Thailand,Southeastern Asia,33.0,6.474,,1.0893,1.04477,0.64915,0.49553,0.02833,0.58696,2.5796,6.396,6.552,,,,,,,,,,,,,,,,
33,Saudi Arabia,Middle East and Northern Africa,34.0,6.379,,1.48953,0.84829,0.59267,0.37904,0.30008,0.15457,2.61482,6.287,6.471,,,,,,,,,,,,,,,,
34,Taiwan,Eastern Asia,34.0,6.379,,1.39729,0.92624,0.79565,0.32377,0.0663,0.25495,2.61523,6.305,6.453,,,,,,,,,,,,,,,,
35,Qatar,Middle East and Northern Africa,36.0,6.375,,1.82427,0.87964,0.71723,0.56679,0.48049,0.32388,1.58224,6.178,6.572,,,,,,,,,,,,,,,,
36,Spain,Western Europe,37.0,6.361,,1.34253,1.12945,0.87896,0.37545,0.06137,0.17665,2.39663,6.288,6.434,,,,,,,,,,,,,,,,
37,Algeria,Middle East and Northern Africa,38.0,6.355,,1.05266,0.83309,0.61804,0.21006,0.16157,0.07044,3.40904,6.227,6.483,,,,,,,,,,,,,,,,
38,Guatemala,Latin America and Caribbean,39.0,6.324,,0.83454,0.87119,0.54039,0.50379,0.08701,0.28808,3.19863,6.213,6.435,,,,,,,,,,,,,,,,
39,Suriname,Latin America and Caribbean,40.0,6.269,,1.09686,0.77866,0.50933,0.52234,0.12692,0.16665,3.06852,6.073,6.465,,,,,,,,,,,,,,,,
40,Kuwait,Middle East and Northern Africa,41.0,6.239,,1.61714,0.87758,0.63569,0.43166,0.23669,0.15965,2.28085,6.154,6.324,,,,,,,,,,,,,,,,
41,Bahrain,Middle East and Northern Africa,42.0,6.218,,1.44024,0.94397,0.65696,0.47375,0.25772,0.17147,2.27405,6.128,6.308,,,,,,,,,,,,,,,,
42,Trinidad and Tobago,Latin America and Caribbean,43.0,6.168,,1.32572,0.98569,0.52608,0.48453,0.01241,0.31935,2.51394,5.95,6.386,,,,,,,,,,,,,,,,
43,Venezuela,Latin America and Caribbean,44.0,6.084,,1.13367,1.03302,0.61904,0.19847,0.08304,0.0425,2.97468,5.973,6.195,,,,,,,,,,,,,,,,
44,Slovakia,Central and Eastern Europe,45.0,6.078,,1.27973,1.08268,0.70367,0.23391,0.02947,0.13837,2.61065,5.996,6.16,,,,,,,,,,,,,,,,
45,El Salvador,Latin America and Caribbean,46.0,6.068,,0.8737,0.80975,0.596,0.37269,0.10613,0.08877,3.22134,5.967,6.169,,,,,,,,,,,,,,,,
46,Malaysia,Southeastern Asia,47.0,6.005,,1.25142,0.88025,0.62366,0.39031,0.09081,0.41474,2.35384,5.921,6.089,,,,,,,,,,,,,,,,
47,Nicaragua,Latin America and Caribbean,48.0,5.992,,0.69384,0.89521,0.65213,0.46582,0.16292,0.29773,2.82428,5.877,6.107,,,,,,,,,,,,,,,,
48,Uzbekistan,Central and Eastern Europe,49.0,5.987,,0.73591,1.1681,0.50163,0.60848,0.28333,0.34326,2.34638,5.896,6.078,,,,,,,,,,,,,,,,
49,Italy,Western Europe,50.0,5.977,,1.35495,1.04167,0.85102,0.18827,0.02556,0.16684,2.34918,5.898,6.056,,,,,,,,,,,,,,,,
50,Ecuador,Latin America and Caribbean,51.0,5.976,,0.97306,0.85974,0.68613,0.4027,0.18037,0.10074,2.77366,5.88,6.072,,,,,,,,,,,,,,,,
51,Belize,Latin America and Caribbean,52.0,5.956,,0.87616,0.68655,0.45569,0.51231,0.10771,0.23684,3.08039,5.71,6.202,,,,,,,,,,,,,,,,
52,Japan,Eastern Asia,53.0,5.921,,1.38007,1.06054,0.91491,0.46761,0.18985,0.10224,1.80584,5.85,5.992,,,,,,,,,,,,,,,,
53,Kazakhstan,Central and Eastern Europe,54.0,5.919,,1.22943,0.95544,0.57386,0.4052,0.11132,0.15011,2.49325,5.837,6.001,,,,,,,,,,,,,,,,
54,Moldova,Central and Eastern Europe,55.0,5.897,,0.69177,0.83132,0.52309,0.25202,0.01903,0.19997,3.38007,5.823,5.971,,,,,,,,,,,,,,,,
55,Russia,Central and Eastern Europe,56.0,5.856,,1.23228,1.05261,0.58991,0.32682,0.03586,0.02736,2.59115,5.789,5.923,,,,,,,,,,,,,,,,
56,Poland,Central and Eastern Europe,57.0,5.835,,1.24585,1.04685,0.69058,0.4519,0.055,0.14443,2.20035,5.749,5.921,,,,,,,,,,,,,,,,
57,South Korea,Eastern Asia,57.0,5.835,,1.35948,0.72194,0.88645,0.25168,0.07716,0.18824,2.35015,5.747,5.923,,,,,,,,,,,,,,,,
58,Bolivia,Latin America and Caribbean,59.0,5.822,,0.79422,0.83779,0.4697,0.50961,0.07746,0.21698,2.91635,5.74,5.904,,,,,,,,,,,,,,,,
59,Lithuania,Central and Eastern Europe,60.0,5.813,,1.2692,1.06411,0.64674,0.18929,0.0182,0.02025,2.60525,5.734,5.892,,,,,,,,,,,,,,,,
60,Belarus,Central and Eastern Europe,61.0,5.802,,1.13062,1.04993,0.63104,0.29091,0.17457,0.13942,2.38582,5.723,5.881,,,,,,,,,,,,,,,,
61,North Cyprus,Western Europe,62.0,5.771,,1.31141,0.81826,0.84142,0.43596,0.16578,0.26322,1.93447,5.67,5.872,,,,,,,,,,,,,,,,
62,Slovenia,Central and Eastern Europe,63.0,5.768,,1.29947,1.05613,0.79151,0.53164,0.03635,0.25738,1.79522,5.683,5.853,,,,,,,,,,,,,,,,
63,Peru,Latin America and Caribbean,64.0,5.743,,0.99602,0.81255,0.62994,0.37502,0.05292,0.14527,2.73117,5.647,5.839,,,,,,,,,,,,,,,,
64,Turkmenistan,Central and Eastern Europe,65.0,5.658,,1.08017,1.03817,0.44006,0.37408,0.28467,0.22567,2.21489,5.58,5.736,,,,,,,,,,,,,,,,
65,Mauritius,Sub-Saharan Africa,66.0,5.648,,1.14372,0.75695,0.66189,0.46145,0.05203,0.36951,2.20223,5.507,5.789,,,,,,,,,,,,,,,,
66,Libya,Middle East and Northern Africa,67.0,5.615,,1.06688,0.95076,0.52304,0.40672,0.10339,0.17087,2.39374,5.406,5.824,,,,,,,,,,,,,,,,
67,Latvia,Central and Eastern Europe,68.0,5.56,,1.21788,0.95025,0.63952,0.27996,0.0889,0.17445,2.20859,5.486,5.634,,,,,,,,,,,,,,,,
68,Cyprus,Western Europe,69.0,5.546,,1.31857,0.70697,0.8488,0.29507,0.05228,0.27906,2.04497,5.442,5.65,,,,,,,,,,,,,,,,
69,Paraguay,Latin America and Caribbean,70.0,5.538,,0.89373,1.11111,0.58295,0.46235,0.07396,0.25296,2.16091,5.453,5.623,,,,,,,,,,,,,,,,
70,Romania,Central and Eastern Europe,71.0,5.528,,1.1697,0.72803,0.67602,0.36712,0.00679,0.12889,2.45184,5.427,5.629,,,,,,,,,,,,,,,,
71,Estonia,Central and Eastern Europe,72.0,5.517,,1.27964,1.05163,0.68098,0.41511,0.18519,0.08423,1.81985,5.437,5.597,,,,,,,,,,,,,,,,
72,Jamaica,Latin America and Caribbean,73.0,5.51,,0.89333,0.96372,0.59469,0.43597,0.04294,0.22245,2.35682,5.315,5.705,,,,,,,,,,,,,,,,
73,Croatia,Central and Eastern Europe,74.0,5.488,,1.18649,0.60809,0.70524,0.23907,0.04002,0.18434,2.52462,5.402,5.574,,,,,,,,,,,,,,,,
74,Hong Kong,Eastern Asia,75.0,5.458,,1.5107,0.87021,0.95277,0.48079,0.31647,0.40097,0.92614,5.362,5.554,,,,,,,,,,,,,,,,
75,Somalia,Sub-Saharan Africa,76.0,5.44,,0.0,0.33613,0.11466,0.56778,0.3118,0.27225,3.83772,5.321,5.559,,,,,,,,,,,,,,,,
76,Kosovo,Central and Eastern Europe,77.0,5.401,,0.90145,0.66062,0.54,0.14396,0.06547,0.27992,2.80998,5.308,5.494,,,,,,,,,,,,,,,,
77,Turkey,Middle East and Northern Africa,78.0,5.389,,1.16492,0.87717,0.64718,0.23889,0.12348,0.04707,2.29074,5.295,5.483,,,,,,,,,,,,,,,,
78,Indonesia,Southeastern Asia,79.0,5.314,,0.95104,0.87625,0.49374,0.39237,0.00322,0.56521,2.03171,5.237,5.391,,,,,,,,,,,,,,,,
79,Jordan,Middle East and Northern Africa,80.0,5.303,,0.99673,0.86216,0.60712,0.36023,0.13297,0.14262,2.20142,5.187,5.419,,,,,,,,,,,,,,,,
80,Azerbaijan,Central and Eastern Europe,81.0,5.291,,1.12373,0.76042,0.54504,0.35327,0.17914,0.0564,2.2735,5.226,5.356,,,,,,,,,,,,,,,,
81,Philippines,Southeastern Asia,82.0,5.279,,0.81217,0.87877,0.47036,0.54854,0.11757,0.21674,2.23484,5.16,5.398,,,,,,,,,,,,,,,,
82,China,Eastern Asia,83.0,5.245,,1.0278,0.79381,0.73561,0.44012,0.02745,0.04959,2.17087,5.199,5.291,,,,,,,,,,,,,,,,
83,Bhutan,Southern Asia,84.0,5.196,,0.8527,0.90836,0.49759,0.46074,0.1616,0.48546,1.82916,5.138,5.254,,,,,,,,,,,,,,,,
84,Kyrgyzstan,Central and Eastern Europe,85.0,5.185,,0.56044,0.95434,0.55449,0.40212,0.04762,0.38432,2.28136,5.103,5.267,,,,,,,,,,,,,,,,
85,Serbia,Central and Eastern Europe,86.0,5.177,,1.03437,0.81329,0.6458,0.15718,0.04339,0.20737,2.27539,5.083,5.271,,,,,,,,,,,,,,,,
86,Bosnia and Herzegovina,Central and Eastern Europe,87.0,5.163,,0.93383,0.64367,0.70766,0.09511,0.0,0.29889,2.48406,5.063,5.263,,,,,,,,,,,,,,,,
87,Montenegro,Central and Eastern Europe,88.0,5.161,,1.07838,0.74173,0.63533,0.15111,0.12721,0.17191,2.25531,5.055,5.267,,,,,,,,,,,,,,,,
88,Dominican Republic,Latin America and Caribbean,89.0,5.155,,1.02787,0.99496,0.57669,0.52259,0.12372,0.21286,1.69626,5.037,5.273,,,,,,,,,,,,,,,,
89,Morocco,Middle East and Northern Africa,90.0,5.151,,0.84058,0.38595,0.59471,0.25646,0.08404,0.04053,2.94891,5.058,5.244,,,,,,,,,,,,,,,,
90,Hungary,Central and Eastern Europe,91.0,5.145,,1.24142,0.93164,0.67608,0.1977,0.04472,0.099,1.95473,5.056,5.234,,,,,,,,,,,,,,,,
91,Pakistan,Southern Asia,92.0,5.132,,0.68816,0.26135,0.40306,0.14622,0.1388,0.31185,3.18286,5.038,5.226,,,,,,,,,,,,,,,,
92,Lebanon,Middle East and Northern Africa,93.0,5.129,,1.12268,0.64184,0.76171,0.26228,0.03061,0.23693,2.07339,5.031,5.227,,,,,,,,,,,,,,,,
93,Portugal,Western Europe,94.0,5.123,,1.27607,0.94367,0.79363,0.44727,0.01521,0.11691,1.53015,5.03,5.216,,,,,,,,,,,,,,,,
94,Macedonia,Central and Eastern Europe,95.0,5.121,,1.0193,0.78236,0.64738,0.27668,0.07047,0.23507,2.08947,5.017,5.225,,,,,,,,,,,,,,,,
95,Vietnam,Southeastern Asia,96.0,5.061,,0.74037,0.79117,0.66157,0.55954,0.11556,0.25075,1.9418,4.991,5.131,,,,,,,,,,,,,,,,
96,Somaliland Region,Sub-Saharan Africa,97.0,5.057,,0.25558,0.75862,0.33108,0.3913,0.36794,0.51479,2.43801,4.934,5.18,,,,,,,,,,,,,,,,
97,Tunisia,Middle East and Northern Africa,98.0,5.045,,0.97724,0.43165,0.59577,0.23553,0.0817,0.03936,2.68413,4.965,5.125,,,,,,,,,,,,,,,,
98,Greece,Western Europe,99.0,5.033,,1.24886,0.75473,0.80029,0.05822,0.04127,0.0,2.12944,4.935,5.131,,,,,,,,,,,,,,,,
99,Tajikistan,Central and Eastern Europe,100.0,4.996,,0.48835,0.75602,0.53119,0.43408,0.13509,0.25998,2.39106,4.923,5.069,,,,,,,,,,,,,,,,
100,Mongolia,Eastern Asia,101.0,4.907,,0.98853,1.08983,0.55469,0.35972,0.03285,0.34539,1.53586,4.838,4.976,,,,,,,,,,,,,,,,
101,Laos,Southeastern Asia,102.0,4.876,,0.68042,0.5497,0.38291,0.52168,0.22423,0.43079,2.08637,4.742,5.01,,,,,,,,,,,,,,,,
102,Nigeria,Sub-Saharan Africa,103.0,4.875,,0.75216,0.64498,0.05108,0.27854,0.0305,0.23219,2.88586,4.75,5.0,,,,,,,,,,,,,,,,
103,Honduras,Latin America and Caribbean,104.0,4.871,,0.69429,0.75596,0.58383,0.26755,0.06906,0.2044,2.29551,4.75,4.992,,,,,,,,,,,,,,,,
104,Iran,Middle East and Northern Africa,105.0,4.813,,1.11758,0.38857,0.64232,0.22544,0.0557,0.38538,1.99817,4.703,4.923,,,,,,,,,,,,,,,,
105,Zambia,Sub-Saharan Africa,106.0,4.795,,0.61202,0.6376,0.23573,0.42662,0.11479,0.17866,2.58991,4.645,4.945,,,,,,,,,,,,,,,,
106,Nepal,Southern Asia,107.0,4.793,,0.44626,0.69699,0.50073,0.37012,0.07008,0.3816,2.32694,4.698,4.888,,,,,,,,,,,,,,,,
107,Palestinian Territories,Middle East and Northern Africa,108.0,4.754,,0.67024,0.71629,0.56844,0.17744,0.10613,0.11154,2.40364,4.649,4.859,,,,,,,,,,,,,,,,
108,Albania,Central and Eastern Europe,109.0,4.655,,0.9553,0.50163,0.73007,0.31866,0.05301,0.1684,1.92816,4.546,4.764,,,,,,,,,,,,,,,,
109,Bangladesh,Southern Asia,110.0,4.643,,0.54177,0.24749,0.52989,0.39778,0.12583,0.19132,2.60904,4.56,4.726,,,,,,,,,,,,,,,,
110,Sierra Leone,Sub-Saharan Africa,111.0,4.635,,0.36485,0.628,0.0,0.30685,0.08196,0.23897,3.01402,4.505,4.765,,,,,,,,,,,,,,,,
111,Iraq,Middle East and Northern Africa,112.0,4.575,,1.07474,0.59205,0.51076,0.24856,0.13636,0.19589,1.81657,4.446,4.704,,,,,,,,,,,,,,,,
112,Namibia,Sub-Saharan Africa,113.0,4.574,,0.93287,0.70362,0.34745,0.48614,0.10398,0.07795,1.92198,4.374,4.774,,,,,,,,,,,,,,,,
113,Cameroon,Sub-Saharan Africa,114.0,4.513,,0.52497,0.62542,0.12698,0.42736,0.06126,0.2268,2.5198,4.417,4.609,,,,,,,,,,,,,,,,
114,Ethiopia,Sub-Saharan Africa,115.0,4.508,,0.29283,0.37932,0.34578,0.36703,0.1717,0.29522,2.65614,4.425,4.591,,,,,,,,,,,,,,,,
115,South Africa,Sub-Saharan Africa,116.0,4.459,,1.02416,0.96053,0.18611,0.42483,0.08415,0.13656,1.64227,4.371,4.547,,,,,,,,,,,,,,,,
116,Sri Lanka,Southern Asia,117.0,4.415,,0.97318,0.84783,0.62007,0.50817,0.07964,0.46978,0.91681,4.322,4.508,,,,,,,,,,,,,,,,
117,India,Southern Asia,118.0,4.404,,0.74036,0.29247,0.45091,0.40285,0.08722,0.25028,2.18032,4.351,4.457,,,,,,,,,,,,,,,,
118,Myanmar,Southeastern Asia,119.0,4.395,,0.34112,0.69981,0.3988,0.42692,0.20243,0.81971,1.50655,4.327,4.463,,,,,,,,,,,,,,,,
119,Egypt,Middle East and Northern Africa,120.0,4.362,,0.95395,0.49813,0.52116,0.18847,0.10393,0.12706,1.96895,4.259,4.465,,,,,,,,,,,,,,,,
120,Armenia,Central and Eastern Europe,121.0,4.36,,0.86086,0.62477,0.64083,0.14037,0.03616,0.07793,1.97864,4.266,4.454,,,,,,,,,,,,,,,,
121,Kenya,Sub-Saharan Africa,122.0,4.356,,0.52267,0.7624,0.30147,0.40576,0.06686,0.41328,1.88326,4.259,4.453,,,,,,,,,,,,,,,,
122,Ukraine,Central and Eastern Europe,123.0,4.324,,0.87287,1.01413,0.58628,0.12859,0.01829,0.20363,1.50066,4.236,4.412,,,,,,,,,,,,,,,,
123,Ghana,Sub-Saharan Africa,124.0,4.276,,0.63107,0.49353,0.29681,0.40973,0.0326,0.21203,2.2002,4.185,4.367,,,,,,,,,,,,,,,,
124,Congo (Kinshasa),Sub-Saharan Africa,125.0,4.272,,0.05661,0.80676,0.188,0.15602,0.06075,0.25458,2.74924,4.191,4.353,,,,,,,,,,,,,,,,
125,Georgia,Central and Eastern Europe,126.0,4.252,,0.83792,0.19249,0.64035,0.32461,0.3188,0.06786,1.87031,4.164,4.34,,,,,,,,,,,,,,,,
126,Congo (Brazzaville),Sub-Saharan Africa,127.0,4.236,,0.77109,0.47799,0.28212,0.37938,0.09753,0.12077,2.10681,4.107,4.365,,,,,,,,,,,,,,,,
127,Senegal,Sub-Saharan Africa,128.0,4.219,,0.44314,0.77416,0.40457,0.31056,0.11681,0.19103,1.97861,4.151,4.287,,,,,,,,,,,,,,,,
128,Bulgaria,Central and Eastern Europe,129.0,4.217,,1.11306,0.92542,0.67806,0.21219,0.00615,0.12793,1.15377,4.104,4.33,,,,,,,,,,,,,,,,
129,Mauritania,Sub-Saharan Africa,130.0,4.201,,0.61391,0.84142,0.28639,0.1268,0.17955,0.22686,1.9263,4.127,4.275,,,,,,,,,,,,,,,,
130,Zimbabwe,Sub-Saharan Africa,131.0,4.193,,0.35041,0.71478,0.1595,0.25429,0.08582,0.18503,2.4427,4.101,4.285,,,,,,,,,,,,,,,,
131,Malawi,Sub-Saharan Africa,132.0,4.156,,0.08709,0.147,0.29364,0.4143,0.07564,0.30968,2.82859,4.041,4.271,,,,,,,,,,,,,,,,
132,Sudan,Sub-Saharan Africa,133.0,4.139,,0.63069,0.81928,0.29759,0.0,0.10039,0.18077,2.10995,3.928,4.35,,,,,,,,,,,,,,,,
133,Gabon,Sub-Saharan Africa,134.0,4.121,,1.15851,0.72368,0.3494,0.28098,0.09314,0.06244,1.45332,4.03,4.212,,,,,,,,,,,,,,,,
134,Mali,Sub-Saharan Africa,135.0,4.073,,0.31292,0.86333,0.16347,0.27544,0.13647,0.21064,2.11087,3.988,4.158,,,,,,,,,,,,,,,,
135,Haiti,Latin America and Caribbean,136.0,4.028,,0.34097,0.29561,0.27494,0.12072,0.14476,0.47958,2.37116,3.893,4.163,,,,,,,,,,,,,,,,
136,Botswana,Sub-Saharan Africa,137.0,3.974,,1.09426,0.89186,0.34752,0.44089,0.10769,0.12425,0.96741,3.875,4.073,,,,,,,,,,,,,,,,
137,Comoros,Sub-Saharan Africa,138.0,3.956,,0.27509,0.60323,0.29981,0.15412,0.18437,0.1827,2.25632,3.86,4.052,,,,,,,,,,,,,,,,
138,Ivory Coast,Sub-Saharan Africa,139.0,3.916,,0.55507,0.57576,0.04476,0.40663,0.1553,0.20338,1.97478,3.826,4.006,,,,,,,,,,,,,,,,
139,Cambodia,Southeastern Asia,140.0,3.907,,0.55604,0.5375,0.42494,0.58852,0.08092,0.40339,1.31573,3.798,4.016,,,,,,,,,,,,,,,,
140,Angola,Sub-Saharan Africa,141.0,3.866,,0.84731,0.66366,0.04991,0.00589,0.08434,0.12071,2.09459,3.753,3.979,,,,,,,,,,,,,,,,
141,Niger,Sub-Saharan Africa,142.0,3.856,,0.1327,0.6053,0.26162,0.38041,0.17176,0.2097,2.09469,3.781,3.931,,,,,,,,,,,,,,,,
142,South Sudan,Sub-Saharan Africa,143.0,3.832,,0.39394,0.18519,0.15781,0.19662,0.13015,0.25899,2.50929,3.596,4.068,,,,,,,,,,,,,,,,
143,Chad,Sub-Saharan Africa,144.0,3.763,,0.42214,0.63178,0.03824,0.12807,0.04952,0.18667,2.30637,3.672,3.854,,,,,,,,,,,,,,,,
144,Burkina Faso,Sub-Saharan Africa,145.0,3.739,,0.31995,0.63054,0.21297,0.3337,0.12533,0.24353,1.87319,3.647,3.831,,,,,,,,,,,,,,,,
145,Uganda,Sub-Saharan Africa,145.0,3.739,,0.34719,0.90981,0.19625,0.43653,0.06442,0.27102,1.51416,3.629,3.849,,,,,,,,,,,,,,,,
146,Yemen,Middle East and Northern Africa,147.0,3.724,,0.57939,0.47493,0.31048,0.2287,0.05892,0.09821,1.97295,3.621,3.827,,,,,,,,,,,,,,,,
147,Madagascar,Sub-Saharan Africa,148.0,3.695,,0.27954,0.46115,0.37109,0.13684,0.07506,0.2204,2.15075,3.621,3.769,,,,,,,,,,,,,,,,
148,Tanzania,Sub-Saharan Africa,149.0,3.666,,0.47155,0.77623,0.357,0.3176,0.05099,0.31472,1.37769,3.561,3.771,,,,,,,,,,,,,,,,
149,Liberia,Sub-Saharan Africa,150.0,3.622,,0.10706,0.50353,0.23165,0.25748,0.04852,0.24063,2.23284,3.463,3.781,,,,,,,,,,,,,,,,
150,Guinea,Sub-Saharan Africa,151.0,3.607,,0.22415,0.3109,0.18829,0.30953,0.1192,0.29914,2.15604,3.533,3.681,,,,,,,,,,,,,,,,
151,Rwanda,Sub-Saharan Africa,152.0,3.515,,0.32846,0.61586,0.31865,0.5432,0.50521,0.23552,0.96819,3.444,3.586,,,,,,,,,,,,,,,,
152,Benin,Sub-Saharan Africa,153.0,3.484,,0.39499,0.10419,0.21028,0.39747,0.06681,0.2018,2.10812,3.404,3.564,,,,,,,,,,,,,,,,
153,Afghanistan,Southern Asia,154.0,3.36,,0.38227,0.11037,0.17344,0.1643,0.07112,0.31268,2.14558,3.288,3.432,,,,,,,,,,,,,,,,
154,Togo,Sub-Saharan Africa,155.0,3.303,,0.28123,0.0,0.24811,0.34678,0.11587,0.17517,2.1354,3.192,3.414,,,,,,,,,,,,,,,,
155,Syria,Middle East and Northern Africa,156.0,3.069,,0.74719,0.14866,0.62994,0.06912,0.17233,0.48397,0.81789,2.936,3.202,,,,,,,,,,,,,,,,
156,Burundi,Sub-Saharan Africa,157.0,2.905,,0.06831,0.23442,0.15747,0.0432,0.09419,0.2029,2.10404,2.732,3.078,,,,,,,,,,,,,,,,
0,Norway,,,,,,1.53352355957031,,0.635422587394714,,0.36201223731041,,,,1.0,7.53700017929077,7.59444482058287,7.47955553799868,1.61646318435669,0.796666502952576,0.315963834524155,2.27702665328979,,,,,,,,
1,Denmark,,,,,,1.55112159252167,,0.626006722450256,,0.355280488729477,,,,2.0,7.52199983596802,7.58172806486487,7.46227160707116,1.48238301277161,0.792565524578094,0.40077006816864,2.31370735168457,,,,,,,,
2,Iceland,,,,,,1.6105740070343,,0.627162635326385,,0.475540220737457,,,,3.0,7.50400018692017,7.62203047305346,7.38596990078688,1.480633020401,0.833552122116089,0.153526559472084,2.32271528244019,,,,,,,,
3,Switzerland,,,,,,1.51691174507141,,0.620070576667786,,0.290549278259277,,,,4.0,7.49399995803833,7.56177242040634,7.42622749567032,1.56497955322266,0.858131289482117,0.367007285356522,2.2767162322998,,,,,,,,
4,Finland,,,,,,1.5402467250824,,0.617950856685638,,0.24548277258873,,,,5.0,7.4689998626709,7.52754207581282,7.41045764952898,1.44357192516327,0.80915766954422,0.38261154294014,2.4301815032959,,,,,,,,
5,Netherlands,,,,,,1.42893922328949,,0.585384488105774,,0.470489829778671,,,,6.0,7.3769998550415,7.42742584124207,7.32657386884093,1.50394463539124,0.810696125030518,0.282661825418472,2.29480409622192,,,,,,,,
6,Canada,,,,,,1.48134899139404,,0.611100912094116,,0.435539722442627,,,,7.0,7.31599998474121,7.38440283536911,7.24759713411331,1.47920441627502,0.83455765247345,0.287371516227722,2.18726444244385,,,,,,,,
7,New Zealand,,,,,,1.54819512367249,,0.614062130451202,,0.500005125999451,,,,8.0,7.31400012969971,7.3795104418695,7.24848981752992,1.40570604801178,0.816759705543518,0.382816702127457,2.0464563369751,,,,,,,,
8,Sweden,,,,,,1.47816216945648,,0.612924098968506,,0.385399252176285,,,,9.0,7.28399991989136,7.34409487739205,7.22390496239066,1.49438726902008,0.830875158309937,0.384398728609085,2.09753799438477,,,,,,,,
9,Australia,,,,,,1.51004195213318,,0.601607382297516,,0.477699249982834,,,,10.0,7.28399991989136,7.35665122494102,7.2113486148417,1.484414935112,0.84388679265976,0.301183730363846,2.06521081924438,,,,,,,,
10,Israel,,,,,,1.37628996372223,,0.405988603830338,,0.330082654953003,,,,11.0,7.21299982070923,7.27985325649381,7.14614638492465,1.37538242340088,0.83840399980545,0.0852421000599861,2.80175733566284,,,,,,,,
11,Costa Rica,,,,,,1.41640365123749,,0.580131649971008,,0.214613229036331,,,,12.0,7.0789999961853,7.16811166629195,6.98988832607865,1.10970628261566,0.759509265422821,0.100106589496136,2.89863920211792,,,,,,,,
12,Austria,,,,,,1.4599449634552,,0.567766189575195,,0.316472321748734,,,,13.0,7.00600004196167,7.07066981211305,6.94133027181029,1.48709726333618,0.815328419208527,0.221060365438461,2.1385064125061,,,,,,,,
13,United States,,,,,,1.41992056369781,,0.505740523338318,,0.392578780651093,,,,14.0,6.99300003051758,7.07465674757957,6.91134331345558,1.54625928401947,0.77428662776947,0.135638788342476,2.2181134223938,,,,,,,,
14,Ireland,,,,,,1.55823111534119,,0.573110342025757,,0.42785832285881,,,,15.0,6.97700023651123,7.04335166752338,6.91064880549908,1.53570663928986,0.80978262424469,0.29838815331459,1.77386903762817,,,,,,,,
15,Germany,,,,,,1.47252035140991,,0.562511384487152,,0.336269170045853,,,,16.0,6.95100021362305,7.00538156926632,6.89661885797977,1.48792338371277,0.798950731754303,0.276731938123703,2.01576995849609,,,,,,,,
16,Belgium,,,,,,1.46231269836426,,0.539770722389221,,0.231503337621689,,,,17.0,6.89099979400635,6.95582075044513,6.82617883756757,1.46378076076508,0.818091869354248,0.251343131065369,2.12421035766602,,,,,,,,
17,Luxembourg,,,,,,1.45758366584778,,0.59662789106369,,0.283180981874466,,,,18.0,6.86299991607666,6.92368609987199,6.80231373228133,1.74194359779358,0.845089495182037,0.31883442401886,1.61951208114624,,,,,,,,
18,United Kingdom,,,,,,1.49646008014679,,0.508190035820007,,0.492774158716202,,,,19.0,6.71400022506714,6.78379176110029,6.64420868903399,1.44163393974304,0.805335938930511,0.265428066253662,1.70414352416992,,,,,,,,
19,Chile,,,,,,1.28402495384216,,0.376895278692245,,0.326662421226501,,,,20.0,6.65199995040894,6.73925056010485,6.56474934071302,1.25278460979462,0.819479703903198,0.0822879821062088,2.50958585739136,,,,,,,,
20,United Arab Emirates,,,,,,1.26641023159027,,0.60834527015686,,0.3609419465065,,,,21.0,6.64799976348877,6.72204730376601,6.57395222321153,1.62634336948395,0.726798236370087,0.324489563703537,1.734703540802,,,,,,,,
21,Brazil,,,,,,1.43130600452423,,0.437453746795654,,0.16234989464283,,,,22.0,6.63500022888184,6.72546950161457,6.5445309561491,1.10735321044922,0.616552352905273,0.111092761158943,2.76926708221436,,,,,,,,
22,Czech Republic,,,,,,1.43388521671295,,0.490946173667908,,0.0881067588925362,,,,23.0,6.60900020599365,6.68386246263981,6.5341379493475,1.35268235206604,0.754444003105164,0.0368729270994663,2.45186185836792,,,,,,,,
23,Argentina,,,,,,1.44045114517212,,0.494519203901291,,0.109457060694695,,,,24.0,6.59899997711182,6.69008508607745,6.50791486814618,1.18529546260834,0.695137083530426,0.059739887714386,2.61400532722473,,,,,,,,
24,Mexico,,,,,,1.210862159729,,0.412730008363724,,0.120990432798862,,,,25.0,6.57800006866455,6.67114890769124,6.48485122963786,1.15318381786346,0.709978997707367,0.132774114608765,2.83715486526489,,,,,,,,
25,Singapore,,,,,,1.35381436347961,,0.549840569496155,,0.345965981483459,,,,26.0,6.57200002670288,6.63672306910157,6.50727698430419,1.69227766990662,0.949492394924164,0.46430778503418,1.21636199951172,,,,,,,,
26,Malta,,,,,,1.48841166496277,,0.588767051696777,,0.574730575084686,,,,27.0,6.52699995040894,6.59839677289128,6.45560312792659,1.34327983856201,0.821944236755371,0.153066068887711,1.55686283111572,,,,,,,,
27,Uruguay,,,,,,1.41222786903381,,0.57939225435257,,0.175096929073334,,,,28.0,6.4539999961853,6.54590621769428,6.36209377467632,1.21755969524384,0.719216823577881,0.178061872720718,2.17240953445435,,,,,,,,
28,Guatemala,,,,,,1.25558519363403,,0.531310617923737,,0.283488392829895,,,,29.0,6.4539999961853,6.56687397271395,6.34112601965666,0.872001945972443,0.540239989757538,0.0772232785820961,2.89389109611511,,,,,,,,
29,Panama,,,,,,1.37319254875183,,0.550026834011078,,0.21055693924427,,,,30.0,6.4520001411438,6.55713071614504,6.34686956614256,1.23374843597412,0.706156134605408,0.070983923971653,2.30719995498657,,,,,,,,
30,France,,,,,,1.38777685165405,,0.470222115516663,,0.129762306809425,,,,31.0,6.44199991226196,6.51576780244708,6.36823202207685,1.43092346191406,0.844465851783752,0.172502428293228,2.00595474243164,,,,,,,,
31,Thailand,,,,,,1.42579245567322,,0.580200731754303,,0.572123110294342,,,,32.0,6.42399978637695,6.50911685571074,6.33888271704316,1.12786877155304,0.647239029407501,0.0316127352416515,2.03950834274292,,,,,,,,
32,Taiwan Province of China,,,,,,1.38456535339355,,0.361466586589813,,0.258360475301743,,,,33.0,6.42199993133545,6.49459602192044,6.34940384075046,1.43362653255463,0.793984234333038,0.0638292357325554,2.1266074180603,,,,,,,,
33,Spain,,,,,,1.53209090232849,,0.408781230449677,,0.190133571624756,,,,34.0,6.40299987792969,6.4710548453033,6.33494491055608,1.38439786434174,0.888960599899292,0.0709140971302986,1.92775774002075,,,,,,,,
34,Qatar,,,,,,1.27429687976837,,0.604130983352661,,0.330473870038986,,,,35.0,6.375,6.56847681432962,6.18152318567038,1.87076568603516,0.710098087787628,0.439299255609512,1.1454644203186,,,,,,,,
35,Colombia,,,,,,1.4021829366684,,0.477487415075302,,0.149014472961426,,,,36.0,6.35699987411499,6.45202005416155,6.26197969406843,1.07062232494354,0.595027923583984,0.0466687418520451,2.61606812477112,,,,,,,,
36,Saudi Arabia,,,,,,1.28667759895325,,0.449750572443008,,0.147616013884544,,,,37.0,6.3439998626709,6.44416661202908,6.24383311331272,1.53062355518341,0.590148329734802,0.27343225479126,2.0654296875,,,,,,,,
37,Trinidad and Tobago,,,,,,1.3802285194397,,0.518630743026733,,0.325296461582184,,,,38.0,6.16800022125244,6.38153389066458,5.95446655184031,1.36135590076447,0.519983291625977,0.0089648161083459,2.05324745178223,,,,,,,,
38,Kuwait,,,,,,1.25969874858856,,0.496337592601776,,0.228289797902107,,,,39.0,6.10500001907349,6.1919569888711,6.01804304927588,1.63295245170593,0.632105708122253,0.215159550309181,1.64042520523071,,,,,,,,
39,Slovakia,,,,,,1.50505924224854,,0.295817464590073,,0.136544480919838,,,,40.0,6.09800004959106,6.1773484121263,6.01865168705583,1.32539355754852,0.712732911109924,0.0242108516395092,2.09777665138245,,,,,,,,
40,Bahrain,,,,,,1.32311046123505,,0.536746919155121,,0.172668486833572,,,,41.0,6.08699989318848,6.17898906782269,5.99501071855426,1.48841226100922,0.653133034706116,0.257042169570923,1.65614938735962,,,,,,,,
41,Malaysia,,,,,,1.28464603424072,,0.402264982461929,,0.416608929634094,,,,42.0,6.08400011062622,6.17997963652015,5.98802058473229,1.29121541976929,0.618784427642822,0.0656007081270218,2.00444889068604,,,,,,,,
42,Nicaragua,,,,,,1.28721570968628,,0.447551846504211,,0.301674216985703,,,,43.0,6.07100009918213,6.18658360034227,5.95541659802198,0.737299203872681,0.653095960617065,0.130687981843948,2.51393055915833,,,,,,,,
43,Ecuador,,,,,,1.28616881370544,,0.4551981985569,,0.150112465023994,,,,44.0,6.00799989700317,6.10584767535329,5.91015211865306,1.00082039833069,0.685636222362518,0.140134647488594,2.29035258293152,,,,,,,,
44,El Salvador,,,,,,1.18212509155273,,0.432452529668808,,0.0782579854130745,,,,45.0,6.00299978256226,6.108635122329,5.89736444279552,0.909784495830536,0.596018552780151,0.0899809598922729,2.7145938873291,,,,,,,,
45,Poland,,,,,,1.44571197032928,,0.520342111587524,,0.158465966582298,,,,46.0,5.97300004959106,6.05390834122896,5.89209175795317,1.29178786277771,0.699475347995758,0.0593078061938286,1.79772281646729,,,,,,,,
46,Uzbekistan,,,,,,1.54896914958954,,0.658248662948608,,0.415983647108078,,,,47.0,5.97100019454956,6.06553757295012,5.876462816149,0.786441087722778,0.498272627592087,0.246528223156929,1.81691360473633,,,,,,,,
47,Italy,,,,,,1.44492328166962,,0.256450712680817,,0.17278964817524,,,,48.0,5.96400022506714,6.04273690596223,5.88526354417205,1.39506661891937,0.853144347667694,0.0280280914157629,1.81331205368042,,,,,,,,
48,Russia,,,,,,1.46928238868713,,0.373783111572266,,0.0522638224065304,,,,49.0,5.96299982070923,6.03027490749955,5.89572473391891,1.28177809715271,0.547349333763123,0.0329628810286522,2.20560741424561,,,,,,,,
49,Belize,,,,,,1.08141779899597,,0.547509372234344,,0.240015640854836,,,,50.0,5.95599985122681,6.19724231779575,5.71475738465786,0.907975316047668,0.450191766023636,0.0965810716152191,2.63195562362671,,,,,,,,
50,Japan,,,,,,1.43633782863617,,0.505625545978546,,0.12057276815176,,,,51.0,5.92000007629395,5.99071944460273,5.84928070798516,1.41691517829895,0.913475871086121,0.163760736584663,1.36322355270386,,,,,,,,
51,Lithuania,,,,,,1.47351610660553,,0.234231784939766,,0.010164656676352,,,,52.0,5.90199995040894,5.98266964137554,5.82133025944233,1.31458234786987,0.62894994020462,0.0118656428530812,2.22844052314758,,,,,,,,
52,Algeria,,,,,,1.1462174654007,,0.233335807919502,,0.0694366469979286,,,,53.0,5.87200021743774,5.97828643366694,5.76571400120854,1.09186446666718,0.617584645748138,0.146096110343933,2.56760382652283,,,,,,,,
53,Latvia,,,,,,1.40471494197845,,0.325707912445068,,0.153074786067009,,,,54.0,5.84999990463257,5.92026353821158,5.77973627105355,1.26074862480164,0.638566970825195,0.0738427266478539,1.99365520477295,,,,,,,,
54,South Korea,,,,,,1.12827444076538,,0.257921665906906,,0.206674367189407,,,,55.0,5.83799982070923,5.92255902826786,5.7534406131506,1.40167844295502,0.900214076042175,0.0632826685905457,1.88037800788879,,,,,,,,
55,Moldova,,,,,,1.25182557106018,,0.240729048848152,,0.208779126405716,,,,56.0,5.83799982070923,5.90837083846331,5.76762880295515,0.728870630264282,0.589465200901031,0.0100912861526012,2.80780839920044,,,,,,,,
56,Romania,,,,,,1.15009129047394,,0.457003742456436,,0.133519917726517,,,,57.0,5.82499980926514,5.91969415679574,5.73030546173453,1.21768391132355,0.685158312320709,0.00438790069893,2.17683148384094,,,,,,,,
57,Bolivia,,,,,,1.22761905193329,,0.558732926845551,,0.22556072473526,,,,58.0,5.82299995422363,5.9039769025147,5.74202300593257,0.833756566047668,0.473630249500275,0.0604777261614799,2.44327902793884,,,,,,,,
58,Turkmenistan,,,,,,1.49314916133881,,0.41827192902565,,0.24992498755455,,,,59.0,5.82200002670288,5.88518087550998,5.75881917789578,1.13077676296234,0.437726080417633,0.259270340204239,1.83290982246399,,,,,,,,
59,Kazakhstan,,,,,,1.38436901569366,,0.437454283237457,,0.201964423060417,,,,60.0,5.81899976730347,5.90364177465439,5.73435775995255,1.28455626964569,0.606041550636292,0.119282886385918,1.78489255905151,,,,,,,,
60,North Cyprus,,,,,,1.18630337715149,,0.471203625202179,,0.266845703125,,,,61.0,5.80999994277954,5.89736646488309,5.72263342067599,1.3469113111496,0.834647238254547,0.155353352427483,1.54915761947632,,,,,,,,
61,Slovenia,,,,,,1.45251882076263,,0.572575807571411,,0.242649093270302,,,,62.0,5.75799989700317,5.84222516000271,5.67377463400364,1.3412059545517,0.790828227996826,0.0451289787888527,1.31331729888916,,,,,,,,
62,Peru,,,,,,1.21877038478851,,0.450002878904343,,0.126819714903831,,,,63.0,5.71500015258789,5.81194677859545,5.61805352658033,1.03522527217865,0.630166113376617,0.0470490865409374,2.20726943016052,,,,,,,,
63,Mauritius,,,,,,1.20956099033356,,0.491247326135635,,0.360933750867844,,,,64.0,5.62900018692017,5.72986219167709,5.52813818216324,1.18939554691315,0.638007462024689,0.0421815551817417,1.6975839138031,,,,,,,,
64,Cyprus,,,,,,1.13136327266693,,0.355111539363861,,0.271254301071167,,,,65.0,5.62099981307983,5.71469269931316,5.5273069268465,1.35593807697296,0.84471470117569,0.0412379764020443,1.62124919891357,,,,,,,,
65,Estonia,,,,,,1.47667109966278,,0.479131430387497,,0.0988908112049103,,,,66.0,5.61100006103516,5.68813987419009,5.53386024788022,1.32087934017181,0.695168316364288,0.183248922228813,1.35750865936279,,,,,,,,
66,Belarus,,,,,,1.44494521617889,,0.295400261878967,,0.15513750910759,,,,67.0,5.56899976730347,5.64611424401402,5.49188529059291,1.15655755996704,0.637714266777039,0.156313821673393,1.72323298454285,,,,,,,,
67,Libya,,,,,,1.35756433010101,,0.465733230113983,,0.152073666453362,,,,68.0,5.52500009536743,5.67695380687714,5.37304638385773,1.10180306434631,0.520169019699097,0.0926102101802826,1.83501124382019,,,,,,,,
68,Turkey,,,,,,1.33775317668915,,0.300740599632263,,0.0466930419206619,,,,69.0,5.5,5.59486496329308,5.40513503670692,1.19827437400818,0.637605607509613,0.0996715798974037,1.87927794456482,,,,,,,,
69,Paraguay,,,,,,1.50728487968445,,0.473507791757584,,0.224150657653809,,,,70.0,5.49300003051758,5.57738126963377,5.40861879140139,0.932537317276001,0.579250693321228,0.091065913438797,1.6853334903717,,,,,,,,
70,"Hong Kong S.A.R., China",,,,,,1.26279091835022,,0.490968644618988,,0.374465793371201,,,,71.0,5.47200012207031,5.54959417313337,5.39440607100725,1.55167484283447,0.943062424659729,0.293933749198914,0.554633140563965,,,,,,,,
71,Philippines,,,,,,1.25391757488251,,0.585214674472809,,0.193513423204422,,,,72.0,5.42999982833862,5.54533505424857,5.31466460242867,0.85769921541214,0.468009054660797,0.0993318930268288,1.97260475158691,,,,,,,,
72,Serbia,,,,,,1.25818979740143,,0.208715528249741,,0.220125883817673,,,,73.0,5.39499998092651,5.49156965613365,5.29843030571938,1.06931757926941,0.65078467130661,0.0409037806093693,1.94708442687988,,,,,,,,
73,Jordan,,,,,,1.23908889293671,,0.418421149253845,,0.172170460224152,,,,74.0,5.33599996566772,5.44841002240777,5.22358990892768,0.991012394428253,0.604590058326721,0.11980327218771,1.79117655754089,,,,,,,,
74,Hungary,,,,,,1.34313309192657,,0.175863519310951,,0.0784016624093056,,,,75.0,5.32399988174438,5.40303970918059,5.24496005430818,1.2860119342804,0.687763452529907,0.0366369374096394,1.71645927429199,,,,,,,,
75,Jamaica,,,,,,1.36821806430817,,0.474307239055634,,0.233818337321281,,,,76.0,5.31099987030029,5.58139872848988,5.04060101211071,0.925579309463501,0.641022384166718,0.0552677810192108,1.61232566833496,,,,,,,,
76,Croatia,,,,,,0.96798300743103,,0.255772292613983,,0.248002976179123,,,,77.0,5.29300022125244,5.39177720457315,5.19422323793173,1.22255623340607,0.701288521289825,0.0431031100451946,1.85449242591858,,,,,,,,
77,Kosovo,,,,,,1.13785350322723,,0.260287940502167,,0.319931447505951,,,,78.0,5.27899980545044,5.36484799548984,5.19315161541104,0.951484382152557,0.541452050209045,0.0574716180562973,2.01054072380066,,,,,,,,
78,China,,,,,,1.16083741188049,,0.472787708044052,,0.0288068410009146,,,,79.0,5.27299976348877,5.31927808977663,5.2267214372009,1.08116579055786,0.741415500640869,0.0227942746132612,1.76493859291077,,,,,,,,
79,Pakistan,,,,,,0.672690689563751,,0.23521526157856,,0.315446019172668,,,,80.0,5.26900005340576,5.35998364135623,5.17801646545529,0.72688353061676,0.402047783136368,0.124348066747189,2.79248929023743,,,,,,,,
80,Indonesia,,,,,,1.27444469928741,,0.443323463201523,,0.611704587936401,,,,81.0,5.26200008392334,5.35288859814405,5.17111156970263,0.995538592338562,0.492345720529556,0.0153171354904771,1.42947697639465,,,,,,,,
81,Venezuela,,,,,,1.43133759498596,,0.153997123241425,,0.0650196298956871,,,,82.0,5.25,5.3700319455564,5.1299680544436,1.12843120098114,0.617144227027893,0.0644911229610443,1.78946375846863,,,,,,,,
82,Montenegro,,,,,,1.23837649822235,,0.194989055395126,,0.197911024093628,,,,83.0,5.23699998855591,5.34104444056749,5.13295553654432,1.12112903594971,0.667464673519135,0.0881741940975189,1.72919154167175,,,,,,,,
83,Morocco,,,,,,0.774864435195923,,0.408158332109451,,0.0322099551558495,,,,84.0,5.2350001335144,5.31834096476436,5.15165930226445,0.878114581108093,0.59771066904068,0.0877631828188896,2.45618939399719,,,,,,,,
84,Azerbaijan,,,,,,1.15240025520325,,0.398155838251114,,0.0452693402767181,,,,85.0,5.23400020599365,5.29928653523326,5.16871387675405,1.15360176563263,0.540775775909424,0.180987507104874,1.76248168945312,,,,,,,,
85,Dominican Republic,,,,,,1.40241670608521,,0.55258983373642,,0.186967849731445,,,,86.0,5.23000001907349,5.34906088516116,5.11093915298581,1.07937383651733,0.574873745441437,0.113945253193378,1.31946516036987,,,,,,,,
86,Greece,,,,,,1.23941457271576,,0.0957312509417534,,0.0,,,,87.0,5.22700023651123,5.3252461694181,5.12875430360436,1.28948748111725,0.810198903083801,0.04328977689147,1.74922156333923,,,,,,,,
87,Lebanon,,,,,,1.12962424755096,,0.288515985012054,,0.264450758695602,,,,88.0,5.22499990463257,5.31888228848577,5.13111752077937,1.07498753070831,0.735081076622009,0.037513829767704,1.69507384300232,,,,,,,,
88,Portugal,,,,,,1.36704301834106,,0.498465299606323,,0.0951027125120163,,,,89.0,5.19500017166138,5.28504173308611,5.10495861023665,1.3151752948761,0.795843541622162,0.0158694516867399,1.10768270492554,,,,,,,,
89,Bosnia and Herzegovina,,,,,,1.0693359375,,0.204403176903725,,0.328867495059967,,,,90.0,5.18200016021729,5.27633568674326,5.08766463369131,0.982409417629242,0.705186307430267,0.0,1.89217257499695,,,,,,,,
90,Honduras,,,,,,1.14394497871399,,0.348079860210419,,0.236188873648643,,,,91.0,5.18100023269653,5.30158279687166,5.0604176685214,0.730573117733002,0.582569479942322,0.0733454525470734,2.06581115722656,,,,,,,,
91,Macedonia,,,,,,1.20789301395416,,0.325905978679657,,0.25376096367836,,,,92.0,5.17500019073486,5.27217263966799,5.07782774180174,1.06457793712616,0.644948184490204,0.0602777935564518,1.6174693107605,,,,,,,,
92,Somalia,,,,,,0.721151351928711,,0.602126955986023,,0.291631311178207,,,,93.0,5.15100002288818,5.24248370990157,5.0595163358748,0.0226431842893362,0.113989137113094,0.282410323619843,3.11748456954956,,,,,,,,
93,Vietnam,,,,,,1.27749133110046,,0.571055591106415,,0.234968051314354,,,,94.0,5.07399988174438,5.14728076457977,5.000718998909,0.788547575473785,0.652168989181519,0.0876332372426987,1.46231865882874,,,,,,,,
94,Nigeria,,,,,,1.21577048301697,,0.394952565431595,,0.230947196483612,,,,95.0,5.07399988174438,5.20950013548136,4.93849962800741,0.783756256103516,0.0569157302379608,0.0261215660721064,2.36539053916931,,,,,,,,
95,Tajikistan,,,,,,1.27146327495575,,0.471566706895828,,0.248997643589973,,,,96.0,5.04099988937378,5.11142559587956,4.970574182868,0.524713635444641,0.529235124588013,0.146377146244049,1.84904932975769,,,,,,,,
96,Bhutan,,,,,,1.34012651443481,,0.501537680625916,,0.474054545164108,,,,97.0,5.01100015640259,5.07933456212282,4.94266575068235,0.885416388511658,0.495879292488098,0.173380389809608,1.14018440246582,,,,,,,,
97,Kyrgyzstan,,,,,,1.39423859119415,,0.454943388700485,,0.42858037352562,,,,98.0,5.00400018692017,5.08991990312934,4.91808047071099,0.596220076084137,0.553457796573639,0.0394391790032387,1.53672313690186,,,,,,,,
98,Nepal,,,,,,1.17928326129913,,0.440305948257446,,0.394096165895462,,,,99.0,4.96199989318848,5.06735607936978,4.85664370700717,0.479820191860199,0.504130780696869,0.0729755461215973,1.8912410736084,,,,,,,,
99,Mongolia,,,,,,1.4930112361908,,0.394143968820572,,0.338464230298996,,,,100.0,4.95499992370605,5.0216795091331,4.88832033827901,1.02723586559296,0.557783484458923,0.0329022891819477,1.11129236221313,,,,,,,,
100,South Africa,,,,,,1.38478863239288,,0.479246735572815,,0.139362379908562,,,,101.0,4.8289999961853,4.92943518772721,4.72856480464339,1.05469870567322,0.187080070376396,0.0725094974040985,1.51090860366821,,,,,,,,
101,Tunisia,,,,,,0.868351459503174,,0.289680689573288,,0.0496933571994305,,,,102.0,4.80499982833862,4.88436700701714,4.72563264966011,1.00726580619812,0.613212049007416,0.0867231488227844,1.89025115966797,,,,,,,,
102,Palestinian Territories,,,,,,1.15564715862274,,0.25471106171608,,0.114173173904419,,,,103.0,4.77500009536743,4.88184834256768,4.66815184816718,0.716249227523804,0.565666973590851,0.0892826020717621,1.8788902759552,,,,,,,,
103,Egypt,,,,,,0.997471392154694,,0.282110154628754,,0.128631442785263,,,,104.0,4.7350001335144,4.82513378962874,4.64486647740006,0.989701807498932,0.520187258720398,0.114381365478039,1.70216107368469,,,,,,,,
104,Bulgaria,,,,,,1.43437945842743,,0.289231717586517,,0.113177694380283,,,,105.0,4.71400022506714,4.80369470641017,4.62430574372411,1.1614590883255,0.708217680454254,0.0110515309497714,0.996139287948608,,,,,,,,
105,Sierra Leone,,,,,,0.984136044979095,,0.318697690963745,,0.293040901422501,,,,106.0,4.70900011062622,4.85064333498478,4.56735688626766,0.36842092871666,0.0055647538974881,0.0710951760411263,2.66845989227295,,,,,,,,
106,Cameroon,,,,,,0.946018218994141,,0.430388748645782,,0.236298456788063,,,,107.0,4.69500017166138,4.79654085725546,4.5934594860673,0.564305365085602,0.132892116904259,0.0513066314160824,2.3336455821991,,,,,,,,
107,Iran,,,,,,0.711551249027252,,0.249322608113289,,0.387242913246155,,,,108.0,4.69199991226196,4.79822470769286,4.58577511683106,1.15687310695648,0.639333188533783,0.048761073499918,1.49873495101929,,,,,,,,
108,Albania,,,,,,0.803685247898102,,0.381498634815216,,0.201312944293022,,,,109.0,4.64400005340576,4.75246400639415,4.53553610041738,0.996192753314972,0.731159746646881,0.0398642159998417,1.49044156074524,,,,,,,,
109,Bangladesh,,,,,,0.735131740570068,,0.478356659412384,,0.172255352139473,,,,110.0,4.60799980163574,4.68982165828347,4.52617794498801,0.586682975292206,0.533241033554077,0.123717859387398,1.97873616218567,,,,,,,,
110,Namibia,,,,,,1.0984708070755,,0.520303547382355,,0.0771337449550629,,,,111.0,4.57399988174438,4.77035474091768,4.37764502257109,0.964434325695038,0.33861181139946,0.0931469723582268,1.4818902015686,,,,,,,,
111,Kenya,,,,,,1.06795072555542,,0.452763766050339,,0.444860309362411,,,,112.0,4.55299997329712,4.65569159060717,4.45030835598707,0.560479462146759,0.309988349676132,0.0646413192152977,1.6519021987915,,,,,,,,
112,Mozambique,,,,,,0.870701014995575,,0.480791091918945,,0.322228103876114,,,,113.0,4.55000019073486,4.77410232633352,4.3258980551362,0.234305649995804,0.106654435396194,0.179436385631561,2.35565090179443,,,,,,,,
113,Myanmar,,,,,,1.12323594093323,,0.514492034912109,,0.838075160980225,,,,114.0,4.54500007629395,4.61473994642496,4.47526020616293,0.367110550403595,0.397522568702698,0.188816204667091,1.11529040336609,,,,,,,,
114,Senegal,,,,,,1.17969191074371,,0.377922266721725,,0.183468893170357,,,,115.0,4.53499984741211,4.6016037812829,4.46839591354132,0.479309022426605,0.409362852573395,0.115460447967052,1.78964614868164,,,,,,,,
115,Zambia,,,,,,1.00318729877472,,0.461603492498398,,0.249580144882202,,,,116.0,4.51399993896484,4.64410550147295,4.38389437645674,0.636406779289246,0.257835894823074,0.0782135501503944,1.82670545578003,,,,,,,,
116,Iraq,,,,,,0.978613197803497,,0.288555532693863,,0.19963726401329,,,,117.0,4.49700021743774,4.62259140968323,4.37140902519226,1.10271048545837,0.501180469989777,0.107215754687786,1.31890726089478,,,,,,,,
117,Gabon,,,,,,1.1556202173233,,0.312328577041626,,0.0437853783369064,,,,118.0,4.46500015258789,4.5573617656529,4.37263853952289,1.1982102394104,0.356578588485718,0.0760467872023582,1.32291626930237,,,,,,,,
118,Ethiopia,,,,,,0.86466920375824,,0.408842742443085,,0.312650740146637,,,,119.0,4.46000003814697,4.54272867664695,4.377271399647,0.339233845472336,0.353409707546234,0.165455713868141,2.01574373245239,,,,,,,,
119,Sri Lanka,,,,,,1.25997638702393,,0.561213254928589,,0.490863561630249,,,,120.0,4.44000005722046,4.55344719231129,4.32655292212963,1.00985014438629,0.625130832195282,0.0736539661884308,0.419389247894287,,,,,,,,
120,Armenia,,,,,,1.00748372077942,,0.198303267359734,,0.0834880918264389,,,,121.0,4.37599992752075,4.46673461228609,4.28526524275541,0.900596737861633,0.637524425983429,0.0266744215041399,1.5214991569519,,,,,,,,
121,India,,,,,,0.754372596740723,,0.469987004995346,,0.231538489460945,,,,122.0,4.31500005722046,4.37152201749384,4.25847809694707,0.792221248149872,0.455427616834641,0.0922268852591515,1.5191171169281,,,,,,,,
122,Mauritania,,,,,,1.2720308303833,,0.0960980430245399,,0.201870024204254,,,,123.0,4.29199981689453,4.37716361626983,4.20683601751924,0.648457288742065,0.285349279642105,0.136957004666328,1.65163731575012,,,,,,,,
123,Congo (Brazzaville),,,,,,0.832044363021851,,0.435025870800018,,0.120852127671242,,,,124.0,4.29099988937378,4.41005350500345,4.17194627374411,0.808964252471924,0.28995743393898,0.0796181336045265,1.72413563728333,,,,,,,,
124,Georgia,,,,,,0.57061493396759,,0.309410035610199,,0.0540088154375553,,,,125.0,4.28599977493286,4.37493396580219,4.19706558406353,0.950612664222717,0.649546980857849,0.251666635274887,1.50013780593872,,,,,,,,
125,Congo (Kinshasa),,,,,,1.22902345657349,,0.235961347818375,,0.246455833315849,,,,126.0,4.28000020980835,4.35781083270907,4.20218958690763,0.0921023488044739,0.191407024860382,0.0602413564920425,2.22495865821838,,,,,,,,
126,Mali,,,,,,1.28147339820862,,0.306613743305206,,0.183354198932648,,,,127.0,4.19000005722046,4.26967071101069,4.11032940343022,0.476180493831635,0.169365674257278,0.104970246553421,1.66819095611572,,,,,,,,
127,Ivory Coast,,,,,,0.904780030250549,,0.447706192731857,,0.201237469911575,,,,128.0,4.17999982833862,4.27518256321549,4.08481709346175,0.603048920631409,0.0486421696841717,0.130061775445938,1.84496426582336,,,,,,,,
128,Cambodia,,,,,,1.00623834133148,,0.633375823497772,,0.385922968387604,,,,129.0,4.16800022125244,4.27851781353354,4.05748262897134,0.601765096187592,0.429783403873444,0.0681059509515762,1.04294109344482,,,,,,,,
129,Sudan,,,,,,1.21400856971741,,0.0149958552792668,,0.182317450642586,,,,130.0,4.13899993896484,4.34574716508389,3.9322527128458,0.65951669216156,0.290920823812485,0.089847519993782,1.68706583976746,,,,,,,,
130,Ghana,,,,,,0.873664736747742,,0.423026293516159,,0.256923943758011,,,,131.0,4.11999988555908,4.22270720854402,4.01729256257415,0.667224824428558,0.295637726783752,0.0253363698720932,1.57786750793457,,,,,,,,
131,Ukraine,,,,,,1.39453756809235,,0.122974775731564,,0.270061463117599,,,,132.0,4.09600019454956,4.18541010454297,4.00659028455615,0.89465194940567,0.575903952121735,0.0230294708162546,0.814382314682007,,,,,,,,
132,Uganda,,,,,,1.12982773780823,,0.443185955286026,,0.325766056776047,,,,133.0,4.08099985122681,4.19579996705055,3.96619973540306,0.381430715322495,0.217632606625557,0.057069718837738,1.526362657547,,,,,,,,
133,Burkina Faso,,,,,,1.04328000545502,,0.324367851018906,,0.250864684581757,,,,134.0,4.03200006484985,4.12405906438828,3.93994106531143,0.3502277135849,0.215844258666039,0.120328105986118,1.72721290588379,,,,,,,,
134,Niger,,,,,,0.993025004863739,,0.36365869641304,,0.228673845529556,,,,135.0,4.02799987792969,4.11194681972265,3.94405293613672,0.161925330758095,0.26850500702858,0.138572946190834,1.87398338317871,,,,,,,,
135,Malawi,,,,,,0.512568831443787,,0.466914653778076,,0.287170469760895,,,,136.0,3.97000002861023,4.07747881740332,3.86252123981714,0.233442038297653,0.315089583396912,0.0727116540074348,2.08178615570068,,,,,,,,
136,Chad,,,,,,0.953855872154236,,0.16234202682972,,0.216113850474358,,,,137.0,3.93600010871887,4.0347115239501,3.83728869348764,0.438012987375259,0.0411347150802612,0.0535818822681904,2.07123804092407,,,,,,,,
137,Zimbabwe,,,,,,1.08309590816498,,0.336384207010269,,0.189143493771553,,,,138.0,3.875,3.97869964271784,3.77130035728216,0.375846534967422,0.196763753890991,0.0953753814101219,1.59797024726868,,,,,,,,
138,Lesotho,,,,,,1.19009518623352,,0.390661299228668,,0.157497271895409,,,,139.0,3.80800008773804,4.04434397548437,3.5716561999917,0.521021246910095,0.0,0.119094640016556,1.42983531951904,,,,,,,,
139,Angola,,,,,,1.10441195964813,,0.0,,0.097926490008831,,,,140.0,3.79500007629395,3.95164193540812,3.63835821717978,0.858428180217743,0.0498686656355858,0.0697203353047371,1.61448240280151,,,,,,,,
140,Afghanistan,,,,,,0.581543326377869,,0.106179520487785,,0.311870932579041,,,,141.0,3.79399991035461,3.87366141527891,3.71433840543032,0.401477217674255,0.180746778845787,0.0611578300595284,2.15080118179321,,,,,,,,
141,Botswana,,,,,,1.22155499458313,,0.505196332931519,,0.0993484482169151,,,,142.0,3.76600003242493,3.87412266626954,3.65787739858031,1.12209415435791,0.341755509376526,0.0985831990838051,0.3779137134552,,,,,,,,
142,Benin,,,,,,0.435299843549728,,0.425962775945663,,0.207948461174965,,,,143.0,3.65700006484985,3.74578355133533,3.56821657836437,0.431085407733917,0.209930211305618,0.0609290152788162,1.88563096523285,,,,,,,,
143,Madagascar,,,,,,0.913020372390747,,0.189196765422821,,0.208732530474663,,,,144.0,3.64400005340576,3.71431910589337,3.57368100091815,0.305808693170547,0.375223308801651,0.0672319754958153,1.58461260795593,,,,,,,,
144,Haiti,,,,,,0.640449821949005,,0.0303698573261499,,0.489203780889511,,,,145.0,3.6029999256134,3.73471479773521,3.47128505349159,0.368610262870789,0.277321130037308,0.0998721495270729,1.69716763496399,,,,,,,,
145,Yemen,,,,,,0.93538224697113,,0.249463722109795,,0.104125209152699,,,,146.0,3.59299993515015,3.69275031983852,3.49324955046177,0.591683447360992,0.310080915689468,0.0567674227058887,1.34560060501099,,,,,,,,
146,South Sudan,,,,,,0.601323127746582,,0.147062435746193,,0.285670816898346,,,,147.0,3.59100008010864,3.72553858578205,3.45646157443523,0.39724862575531,0.163486003875732,0.116793513298035,1.87956738471985,,,,,,,,
147,Liberia,,,,,,0.872117936611176,,0.332881182432175,,0.26654988527298,,,,148.0,3.53299999237061,3.65375626087189,3.41224372386932,0.119041793048382,0.229918196797371,0.0389482490718365,1.67328596115112,,,,,,,,
148,Guinea,,,,,,0.791244685649872,,0.348587512969971,,0.264815092086792,,,,149.0,3.50699996948242,3.58442812889814,3.4295718100667,0.244549930095673,0.194129139184952,0.110937617719173,1.55231189727783,,,,,,,,
149,Togo,,,,,,0.431882530450821,,0.38042613863945,,0.196896150708199,,,,150.0,3.49499988555908,3.59403811171651,3.39596165940166,0.305444717407227,0.247105568647385,0.0956650152802467,1.83722925186157,,,,,,,,
150,Rwanda,,,,,,0.945707023143768,,0.581843852996826,,0.252756029367447,,,,151.0,3.47099995613098,3.54303023353219,3.39896967872977,0.368745893239975,0.326424807310104,0.455220013856888,0.540061235427856,,,,,,,,
151,Syria,,,,,,0.396102607250214,,0.0815394446253777,,0.493663728237152,,,,152.0,3.46199989318848,3.66366855680943,3.26033122956753,0.777153134346008,0.50053334236145,0.151347130537033,1.06157350540161,,,,,,,,
152,Tanzania,,,,,,1.04198980331421,,0.390017777681351,,0.354256361722946,,,,153.0,3.34899997711182,3.46142975538969,3.23657019883394,0.511135876178741,0.364509284496307,0.0660351067781448,0.621130466461182,,,,,,,,
153,Burundi,,,,,,0.629793584346771,,0.0599007532000542,,0.204435184597969,,,,154.0,2.90499997138977,3.07469033300877,2.73530960977077,0.091622568666935,0.151610791683197,0.0841479450464249,1.68302416801453,,,,,,,,
154,Central African Republic,,,,,,0.0,,0.270842045545578,,0.280876487493515,,,,155.0,2.69300007820129,2.86488426923752,2.52111588716507,0.0,0.0187726859003305,0.0565650761127472,2.06600475311279,,,,,,,,
0,,,,,,,,,,,0.202,,,,,,,,,,,,1.0,Finland,7.632,1.305,1.592,0.874,0.681,0.393
1,,,,,,,,,,,0.286,,,,,,,,,,,,2.0,Norway,7.594,1.456,1.582,0.861,0.686,0.34
2,,,,,,,,,,,0.284,,,,,,,,,,,,3.0,Denmark,7.555,1.351,1.59,0.868,0.683,0.408
3,,,,,,,,,,,0.353,,,,,,,,,,,,4.0,Iceland,7.495,1.343,1.644,0.914,0.677,0.138
4,,,,,,,,,,,0.256,,,,,,,,,,,,5.0,Switzerland,7.487,1.42,1.549,0.927,0.66,0.357
5,,,,,,,,,,,0.333,,,,,,,,,,,,6.0,Netherlands,7.441,1.361,1.488,0.878,0.638,0.295
6,,,,,,,,,,,0.321,,,,,,,,,,,,7.0,Canada,7.328,1.33,1.532,0.896,0.653,0.291
7,,,,,,,,,,,0.365,,,,,,,,,,,,8.0,New Zealand,7.324,1.268,1.601,0.876,0.669,0.389
8,,,,,,,,,,,0.285,,,,,,,,,,,,9.0,Sweden,7.314,1.355,1.501,0.913,0.659,0.383
9,,,,,,,,,,,0.361,,,,,,,,,,,,10.0,Australia,7.272,1.34,1.573,0.91,0.647,0.302
10,,,,,,,,,,,0.262,,,,,,,,,,,,11.0,United Kingdom,7.19,1.244,1.433,0.888,0.464,0.082
11,,,,,,,,,,,0.242,,,,,,,,,,,,12.0,Austria,7.139,1.341,1.504,0.891,0.617,0.224
12,,,,,,,,,,,0.143,,,,,,,,,,,,13.0,Costa Rica,7.072,1.01,1.459,0.817,0.632,0.101
13,,,,,,,,,,,0.307,,,,,,,,,,,,14.0,Ireland,6.977,1.448,1.583,0.876,0.614,0.306
14,,,,,,,,,,,0.273,,,,,,,,,,,,15.0,Germany,6.965,1.34,1.474,0.861,0.586,0.28
15,,,,,,,,,,,0.188,,,,,,,,,,,,16.0,Belgium,6.927,1.324,1.483,0.894,0.583,0.24
16,,,,,,,,,,,0.196,,,,,,,,,,,,17.0,Luxembourg,6.91,1.576,1.52,0.896,0.632,0.321
17,,,,,,,,,,,0.291,,,,,,,,,,,,18.0,United States,6.886,1.398,1.471,0.819,0.547,0.133
18,,,,,,,,,,,0.354,,,,,,,,,,,,19.0,Israel,6.814,1.301,1.559,0.883,0.533,0.272
19,,,,,,,,,,,0.186,,,,,,,,,,,,20.0,United Arab Emirates,6.774,2.096,0.776,0.67,0.284,
20,,,,,,,,,,,0.064,,,,,,,,,,,,21.0,Czech Republic,6.711,1.233,1.489,0.854,0.543,0.034
21,,,,,,,,,,,0.376,,,,,,,,,,,,22.0,Malta,6.627,1.27,1.525,0.884,0.645,0.142
22,,,,,,,,,,,0.098,,,,,,,,,,,,23.0,France,6.489,1.293,1.466,0.908,0.52,0.176
23,,,,,,,,,,,0.069,,,,,,,,,,,,24.0,Mexico,6.488,1.038,1.252,0.761,0.479,0.095
24,,,,,,,,,,,0.197,,,,,,,,,,,,25.0,Chile,6.476,1.131,1.331,0.808,0.431,0.061
25,,,,,,,,,,,0.151,,,,,,,,,,,,26.0,Taiwan,6.441,1.365,1.436,0.857,0.418,0.078
26,,,,,,,,,,,0.125,,,,,,,,,,,,27.0,Panama,6.43,1.112,1.438,0.759,0.597,0.063
27,,,,,,,,,,,0.11,,,,,,,,,,,,28.0,Brazil,6.419,0.986,1.474,0.675,0.493,0.088
28,,,,,,,,,,,0.062,,,,,,,,,,,,29.0,Argentina,6.388,1.073,1.468,0.744,0.57,0.054
29,,,,,,,,,,,0.179,,,,,,,,,,,,30.0,Guatemala,6.382,0.781,1.268,0.608,0.604,0.071
30,,,,,,,,,,,0.13,,,,,,,,,,,,31.0,Uruguay,6.379,1.093,1.459,0.771,0.625,0.155
31,,,,,,,,,,,0.256,,,,,,,,,,,,32.0,Qatar,6.374,1.649,1.303,0.748,0.654,0.171
32,,,,,,,,,,,0.098,,,,,,,,,,,,33.0,Saudi Arabia,6.371,1.379,1.331,0.633,0.509,0.127
33,,,,,,,,,,,0.261,,,,,,,,,,,,34.0,Singapore,6.343,1.529,1.451,1.008,0.631,0.457
34,,,,,,,,,,,0.311,,,,,,,,,,,,35.0,Malaysia,6.322,1.161,1.258,0.669,0.356,0.059
35,,,,,,,,,,,0.142,,,,,,,,,,,,36.0,Spain,6.31,1.251,1.538,0.965,0.449,0.074
36,,,,,,,,,,,0.099,,,,,,,,,,,,37.0,Colombia,6.26,0.96,1.439,0.635,0.531,0.039
37,,,,,,,,,,,0.171,,,,,,,,,,,,38.0,Trinidad & Tobago,6.192,1.223,1.492,0.564,0.575,0.019
38,,,,,,,,,,,0.118,,,,,,,,,,,,39.0,Slovakia,6.173,1.21,1.537,0.776,0.354,0.014
39,,,,,,,,,,,0.065,,,,,,,,,,,,40.0,El Salvador,6.167,0.806,1.231,0.639,0.461,0.082
40,,,,,,,,,,,0.208,,,,,,,,,,,,41.0,Nicaragua,6.141,0.668,1.319,0.7,0.527,0.128
41,,,,,,,,,,,0.108,,,,,,,,,,,,42.0,Poland,6.123,1.176,1.448,0.781,0.546,0.064
42,,,,,,,,,,,0.243,,,,,,,,,,,,43.0,Bahrain,6.105,1.338,1.366,0.698,0.594,0.123
43,,,,,,,,,,,0.328,,,,,,,,,,,,44.0,Uzbekistan,6.096,0.719,1.584,0.605,0.724,0.259
44,,,,,,,,,,,0.167,,,,,,,,,,,,45.0,Kuwait,6.083,1.474,1.301,0.675,0.554,0.106
45,,,,,,,,,,,0.364,,,,,,,,,,,,46.0,Thailand,6.072,1.016,1.417,0.707,0.637,0.029
46,,,,,,,,,,,0.137,,,,,,,,,,,,47.0,Italy,6.0,1.264,1.501,0.946,0.281,0.028
47,,,,,,,,,,,0.114,,,,,,,,,,,,48.0,Ecuador,5.973,0.889,1.33,0.736,0.556,0.12
48,,,,,,,,,,,0.183,,,,,,,,,,,,49.0,Belize,5.956,0.807,1.101,0.474,0.593,0.089
49,,,,,,,,,,,0.026,,,,,,,,,,,,50.0,Lithuania,5.952,1.197,1.527,0.716,0.35,0.006
50,,,,,,,,,,,0.16,,,,,,,,,,,,51.0,Slovenia,5.948,1.219,1.506,0.856,0.633,0.051
51,,,,,,,,,,,0.088,,,,,,,,,,,,52.0,Romania,5.945,1.116,1.219,0.726,0.528,0.001
52,,,,,,,,,,,0.092,,,,,,,,,,,,53.0,Latvia,5.933,1.148,1.454,0.671,0.363,0.066
53,,,,,,,,,,,0.079,,,,,,,,,,,,54.0,Japan,5.915,1.294,1.462,0.988,0.553,0.15
54,,,,,,,,,,,0.245,,,,,,,,,,,,55.0,Mauritius,5.891,1.09,1.387,0.684,0.584,0.05
55,,,,,,,,,,,0.096,,,,,,,,,,,,56.0,Jamaica,5.89,0.819,1.493,0.693,0.575,0.031
56,,,,,,,,,,,0.175,,,,,,,,,,,,57.0,South Korea,5.875,1.266,1.204,0.955,0.244,0.051
57,,,,,,,,,,,0.179,,,,,,,,,,,,58.0,Northern Cyprus,5.835,1.229,1.211,0.909,0.495,0.154
58,,,,,,,,,,,0.065,,,,,,,,,,,,59.0,Russia,5.81,1.151,1.479,0.599,0.399,0.025
59,,,,,,,,,,,0.148,,,,,,,,,,,,60.0,Kazakhstan,5.79,1.143,1.516,0.631,0.454,0.121
60,,,,,,,,,,,0.202,,,,,,,,,,,,61.0,Cyprus,5.762,1.229,1.191,0.909,0.423,0.035
61,,,,,,,,,,,0.141,,,,,,,,,,,,62.0,Bolivia,5.752,0.751,1.223,0.508,0.606,0.054
62,,,,,,,,,,,0.086,,,,,,,,,,,,63.0,Estonia,5.739,1.2,1.532,0.737,0.553,0.174
63,,,,,,,,,,,0.162,,,,,,,,,,,,64.0,Paraguay,5.681,0.835,1.522,0.615,0.541,0.074
64,,,,,,,,,,,0.092,,,,,,,,,,,,65.0,Peru,5.663,0.934,1.249,0.674,0.53,0.034
65,,,,,,,,,,,0.274,,,,,,,,,,,,66.0,Kosovo,5.662,0.855,1.23,0.578,0.448,0.023
66,,,,,,,,,,,0.171,,,,,,,,,,,,67.0,Moldova,5.64,0.657,1.301,0.62,0.232,0.0
67,,,,,,,,,,,0.199,,,,,,,,,,,,68.0,Turkmenistan,5.636,1.016,1.533,0.517,0.417,0.037
68,,,,,,,,,,,0.061,,,,,,,,,,,,69.0,Hungary,5.62,1.171,1.401,0.732,0.259,0.022
69,,,,,,,,,,,0.116,,,,,,,,,,,,70.0,Libya,5.566,0.985,1.35,0.553,0.496,0.148
70,,,,,,,,,,,0.12,,,,,,,,,,,,71.0,Philippines,5.524,0.775,1.312,0.513,0.643,0.105
71,,,,,,,,,,,0.197,,,,,,,,,,,,72.0,Honduras,5.504,0.62,1.205,0.622,0.459,0.074
72,,,,,,,,,,,0.101,,,,,,,,,,,,73.0,Belarus,5.483,1.039,1.498,0.7,0.307,0.154
73,,,,,,,,,,,0.106,,,,,,,,,,,,74.0,Turkey,5.483,1.148,1.38,0.686,0.324,0.109
74,,,,,,,,,,,0.216,,,,,,,,,,,,75.0,Pakistan,5.472,0.652,0.81,0.424,0.334,0.113
75,,,,,,,,,,,0.246,,,,,,,,,,,,76.0,Hong Kong,5.43,1.405,1.29,1.03,0.524,0.291
76,,,,,,,,,,,0.055,,,,,,,,,,,,77.0,Portugal,5.41,1.188,1.429,0.884,0.562,0.017
77,,,,,,,,,,,0.134,,,,,,,,,,,,78.0,Serbia,5.398,0.975,1.369,0.685,0.288,0.043
78,,,,,,,,,,,0.0,,,,,,,,,,,,79.0,Greece,5.358,1.154,1.202,0.879,0.131,0.044
79,,,,,,,,,,,0.214,,,,,,,,,,,,80.0,Lebanon,5.358,0.965,1.179,0.785,0.503,0.136
80,,,,,,,,,,,0.111,,,,,,,,,,,,81.0,Montenegro,5.347,1.017,1.279,0.729,0.259,0.081
81,,,,,,,,,,,0.12,,,,,,,,,,,,82.0,Croatia,5.321,1.115,1.161,0.737,0.38,0.039
82,,,,,,,,,,,0.12,,,,,,,,,,,,83.0,Dominican Republic,5.302,0.982,1.441,0.614,0.578,0.106
83,,,,,,,,,,,0.055,,,,,,,,,,,,84.0,Algeria,5.295,0.979,1.154,0.687,0.077,0.135
84,,,,,,,,,,,0.026,,,,,,,,,,,,85.0,Morocco,5.254,0.779,0.797,0.669,0.46,0.074
85,,,,,,,,,,,0.029,,,,,,,,,,,,86.0,China,5.246,0.989,1.142,0.799,0.597,0.103
86,,,,,,,,,,,0.031,,,,,,,,,,,,87.0,Azerbaijan,5.201,1.024,1.161,0.603,0.43,0.176
87,,,,,,,,,,,0.187,,,,,,,,,,,,88.0,Tajikistan,5.199,0.474,1.166,0.598,0.292,0.034
88,,,,,,,,,,,0.173,,,,,,,,,,,,89.0,Macedonia,5.185,0.959,1.239,0.691,0.394,0.052
89,,,,,,,,,,,0.13,,,,,,,,,,,,90.0,Jordan,5.161,0.822,1.265,0.645,0.468,0.134
90,,,,,,,,,,,0.201,,,,,,,,,,,,91.0,Nigeria,5.155,0.689,1.172,0.048,0.462,0.032
91,,,,,,,,,,,0.281,,,,,,,,,,,,92.0,Kyrgyzstan,5.131,0.53,1.416,0.594,0.54,0.035
92,,,,,,,,,,,0.216,,,,,,,,,,,,93.0,Bosnia and Herzegovina,5.129,0.915,1.078,0.758,0.28,0.0
93,,,,,,,,,,,0.253,,,,,,,,,,,,94.0,Mongolia,5.125,0.914,1.517,0.575,0.395,0.032
94,,,,,,,,,,,0.177,,,,,,,,,,,,95.0,Vietnam,5.103,0.715,1.365,0.702,0.618,0.079
95,,,,,,,,,,,0.484,,,,,,,,,,,,96.0,Indonesia,5.093,0.899,1.215,0.522,0.538,0.018
96,,,,,,,,,,,0.364,,,,,,,,,,,,97.0,Bhutan,5.082,0.796,1.335,0.527,0.541,0.171
97,,,,,,,,,,,0.238,,,,,,,,,,,,98.0,Somalia,4.982,0.0,0.712,0.115,0.674,0.282
98,,,,,,,,,,,0.183,,,,,,,,,,,,99.0,Cameroon,4.975,0.535,0.891,0.182,0.454,0.043
99,,,,,,,,,,,0.064,,,,,,,,,,,,100.0,Bulgaria,4.933,1.054,1.515,0.712,0.359,0.009
100,,,,,,,,,,,0.302,,,,,,,,,,,,101.0,Nepal,4.88,0.425,1.228,0.539,0.526,0.078
101,,,,,,,,,,,0.056,,,,,,,,,,,,102.0,Venezuela,4.806,0.996,1.469,0.657,0.133,0.052
102,,,,,,,,,,,0.032,,,,,,,,,,,,103.0,Gabon,4.758,1.036,1.164,0.404,0.356,0.052
103,,,,,,,,,,,0.086,,,,,,,,,,,,104.0,Palestinian Territories,4.743,0.642,1.217,0.602,0.266,0.076
104,,,,,,,,,,,0.103,,,,,,,,,,,,105.0,South Africa,4.724,0.94,1.41,0.33,0.516,0.056
105,,,,,,,,,,,0.282,,,,,,,,,,,,106.0,Iran,4.707,1.059,0.771,0.691,0.459,0.129
106,,,,,,,,,,,0.146,,,,,,,,,,,,107.0,Ivory Coast,4.671,0.541,0.872,0.08,0.467,0.103
107,,,,,,,,,,,0.212,,,,,,,,,,,,108.0,Ghana,4.657,0.592,0.896,0.337,0.499,0.029
108,,,,,,,,,,,0.138,,,,,,,,,,,,109.0,Senegal,4.631,0.429,1.117,0.433,0.406,0.082
109,,,,,,,,,,,0.23,,,,,,,,,,,,110.0,Laos,4.623,0.72,1.034,0.441,0.626,0.174
110,,,,,,,,,,,0.04,,,,,,,,,,,,111.0,Tunisia,4.592,0.9,0.906,0.69,0.271,0.063
111,,,,,,,,,,,0.149,,,,,,,,,,,,112.0,Albania,4.586,0.916,0.817,0.79,0.419,0.032
112,,,,,,,,,,,0.238,,,,,,,,,,,,113.0,Sierra Leone,4.571,0.256,0.813,0.0,0.355,0.053
113,,,,,,,,,,,0.091,,,,,,,,,,,,114.0,Congo (Brazzaville),4.559,0.682,0.811,0.343,0.514,0.077
114,,,,,,,,,,,0.153,,,,,,,,,,,,115.0,Bangladesh,4.5,0.532,0.85,0.579,0.58,0.144
115,,,,,,,,,,,0.307,,,,,,,,,,,,116.0,Sri Lanka,4.471,0.918,1.314,0.672,0.585,0.05
116,,,,,,,,,,,0.148,,,,,,,,,,,,117.0,Iraq,4.456,1.01,0.971,0.536,0.304,0.095
117,,,,,,,,,,,0.139,,,,,,,,,,,,118.0,Mali,4.447,0.37,1.233,0.152,0.367,0.056
118,,,,,,,,,,,0.051,,,,,,,,,,,,119.0,Namibia,4.441,0.874,1.281,0.365,0.519,0.064
119,,,,,,,,,,,0.256,,,,,,,,,,,,120.0,Cambodia,4.433,0.549,1.088,0.457,0.696,0.065
120,,,,,,,,,,,0.175,,,,,,,,,,,,121.0,Burkina Faso,4.424,0.314,1.097,0.254,0.312,0.128
121,,,,,,,,,,,0.092,,,,,,,,,,,,122.0,Egypt,4.419,0.885,1.025,0.553,0.312,0.107
122,,,,,,,,,,,0.206,,,,,,,,,,,,123.0,Mozambique,4.417,0.198,0.902,0.173,0.531,0.158
123,,,,,,,,,,,0.352,,,,,,,,,,,,124.0,Kenya,4.41,0.493,1.048,0.454,0.504,0.055
124,,,,,,,,,,,0.221,,,,,,,,,,,,125.0,Zambia,4.377,0.562,1.047,0.295,0.503,0.082
125,,,,,,,,,,,0.134,,,,,,,,,,,,126.0,Mauritania,4.356,0.557,1.245,0.292,0.129,0.093
126,,,,,,,,,,,0.22,,,,,,,,,,,,127.0,Ethiopia,4.35,0.308,0.95,0.391,0.452,0.146
127,,,,,,,,,,,0.038,,,,,,,,,,,,128.0,Georgia,4.34,0.853,0.592,0.643,0.375,0.215
128,,,,,,,,,,,0.077,,,,,,,,,,,,129.0,Armenia,4.321,0.816,0.99,0.666,0.26,0.028
129,,,,,,,,,,,0.598,,,,,,,,,,,,130.0,Myanmar,4.308,0.682,1.174,0.429,0.58,0.178
130,,,,,,,,,,,0.181,,,,,,,,,,,,131.0,Chad,4.301,0.358,0.907,0.053,0.189,0.06
131,,,,,,,,,,,0.197,,,,,,,,,,,,132.0,Congo (Kinshasa),4.245,0.069,1.136,0.204,0.312,0.052
132,,,,,,,,,,,0.172,,,,,,,,,,,,133.0,India,4.19,0.721,0.747,0.485,0.539,0.093
133,,,,,,,,,,,0.175,,,,,,,,,,,,134.0,Niger,4.166,0.131,0.867,0.221,0.39,0.099
134,,,,,,,,,,,0.259,,,,,,,,,,,,135.0,Uganda,4.161,0.322,1.09,0.237,0.45,0.061
135,,,,,,,,,,,0.163,,,,,,,,,,,,136.0,Benin,4.141,0.378,0.372,0.24,0.44,0.067
136,,,,,,,,,,,0.134,,,,,,,,,,,,137.0,Sudan,4.139,0.605,1.24,0.312,0.016,0.082
137,,,,,,,,,,,0.187,,,,,,,,,,,,138.0,Ukraine,4.103,0.793,1.413,0.609,0.163,0.011
138,,,,,,,,,,,0.158,,,,,,,,,,,,139.0,Togo,3.999,0.259,0.474,0.253,0.434,0.101
139,,,,,,,,,,,0.185,,,,,,,,,,,,140.0,Guinea,3.964,0.344,0.792,0.211,0.394,0.094
140,,,,,,,,,,,0.116,,,,,,,,,,,,141.0,Lesotho,3.808,0.472,1.215,0.079,0.423,0.112
141,,,,,,,,,,,0.079,,,,,,,,,,,,142.0,Angola,3.795,0.73,1.125,0.269,0.0,0.061
142,,,,,,,,,,,0.155,,,,,,,,,,,,143.0,Madagascar,3.774,0.262,0.908,0.402,0.221,0.049
143,,,,,,,,,,,0.132,,,,,,,,,,,,144.0,Zimbabwe,3.692,0.357,1.094,0.248,0.406,0.099
144,,,,,,,,,,,0.191,,,,,,,,,,,,145.0,Afghanistan,3.632,0.332,0.537,0.255,0.085,0.036
145,,,,,,,,,,,0.042,,,,,,,,,,,,146.0,Botswana,3.59,1.017,1.174,0.417,0.557,0.092
146,,,,,,,,,,,0.21,,,,,,,,,,,,147.0,Malawi,3.587,0.186,0.541,0.306,0.531,0.08
147,,,,,,,,,,,0.392,,,,,,,,,,,,148.0,Haiti,3.582,0.315,0.714,0.289,0.025,0.104
148,,,,,,,,,,,0.206,,,,,,,,,,,,149.0,Liberia,3.495,0.076,0.858,0.267,0.419,0.03
149,,,,,,,,,,,0.376,,,,,,,,,,,,150.0,Syria,3.462,0.689,0.382,0.539,0.088,0.144
150,,,,,,,,,,,0.2,,,,,,,,,,,,151.0,Rwanda,3.408,0.332,0.896,0.4,0.636,0.444
151,,,,,,,,,,,0.083,,,,,,,,,,,,152.0,Yemen,3.355,0.442,1.073,0.343,0.244,0.064
152,,,,,,,,,,,0.27,,,,,,,,,,,,153.0,Tanzania,3.303,0.455,0.991,0.381,0.481,0.097
153,,,,,,,,,,,0.224,,,,,,,,,,,,154.0,South Sudan,3.254,0.337,0.608,0.177,0.112,0.106
154,,,,,,,,,,,0.218,,,,,,,,,,,,155.0,Central African Republic,3.083,0.024,0.0,0.01,0.305,0.038
155,,,,,,,,,,,0.149,,,,,,,,,,,,156.0,Burundi,2.905,0.091,0.627,0.145,0.065,0.076
0,,,,,,,,,,,0.153,,,,,,,,,,,,1.0,Finland,7.769,1.34,1.587,0.986,0.596,0.393
1,,,,,,,,,,,0.252,,,,,,,,,,,,2.0,Denmark,7.6,1.383,1.573,0.996,0.592,0.41
2,,,,,,,,,,,0.271,,,,,,,,,,,,3.0,Norway,7.554,1.488,1.582,1.028,0.603,0.341
3,,,,,,,,,,,0.354,,,,,,,,,,,,4.0,Iceland,7.494,1.38,1.624,1.026,0.591,0.118
4,,,,,,,,,,,0.322,,,,,,,,,,,,5.0,Netherlands,7.488,1.396,1.522,0.999,0.557,0.298
5,,,,,,,,,,,0.263,,,,,,,,,,,,6.0,Switzerland,7.48,1.452,1.526,1.052,0.572,0.343
6,,,,,,,,,,,0.267,,,,,,,,,,,,7.0,Sweden,7.343,1.387,1.487,1.009,0.574,0.373
7,,,,,,,,,,,0.33,,,,,,,,,,,,8.0,New Zealand,7.307,1.303,1.557,1.026,0.585,0.38
8,,,,,,,,,,,0.285,,,,,,,,,,,,9.0,Canada,7.278,1.365,1.505,1.039,0.584,0.308
9,,,,,,,,,,,0.244,,,,,,,,,,,,10.0,Austria,7.246,1.376,1.475,1.016,0.532,0.226
10,,,,,,,,,,,0.332,,,,,,,,,,,,11.0,Australia,7.228,1.372,1.548,1.036,0.557,0.29
11,,,,,,,,,,,0.144,,,,,,,,,,,,12.0,Costa Rica,7.167,1.034,1.441,0.963,0.558,0.093
12,,,,,,,,,,,0.261,,,,,,,,,,,,13.0,Israel,7.139,1.276,1.455,1.029,0.371,0.082
13,,,,,,,,,,,0.194,,,,,,,,,,,,14.0,Luxembourg,7.09,1.609,1.479,1.012,0.526,0.316
14,,,,,,,,,,,0.348,,,,,,,,,,,,15.0,United Kingdom,7.054,1.333,1.538,0.996,0.45,0.278
15,,,,,,,,,,,0.298,,,,,,,,,,,,16.0,Ireland,7.021,1.499,1.553,0.999,0.516,0.31
16,,,,,,,,,,,0.261,,,,,,,,,,,,17.0,Germany,6.985,1.373,1.454,0.987,0.495,0.265
17,,,,,,,,,,,0.16,,,,,,,,,,,,18.0,Belgium,6.923,1.356,1.504,0.986,0.473,0.21
18,,,,,,,,,,,0.28,,,,,,,,,,,,19.0,United States,6.892,1.433,1.457,0.874,0.454,0.128
19,,,,,,,,,,,0.046,,,,,,,,,,,,20.0,Czech Republic,6.852,1.269,1.487,0.92,0.457,0.036
20,,,,,,,,,,,0.262,,,,,,,,,,,,21.0,United Arab Emirates,6.825,1.503,1.31,0.825,0.598,0.182
21,,,,,,,,,,,0.375,,,,,,,,,,,,22.0,Malta,6.726,1.3,1.52,0.999,0.564,0.151
22,,,,,,,,,,,0.074,,,,,,,,,,,,23.0,Mexico,6.595,1.07,1.323,0.861,0.433,0.073
23,,,,,,,,,,,0.111,,,,,,,,,,,,24.0,France,6.592,1.324,1.472,1.045,0.436,0.183
24,,,,,,,,,,,0.242,,,,,,,,,,,,25.0,Taiwan,6.446,1.368,1.43,0.914,0.351,0.097
25,,,,,,,,,,,0.187,,,,,,,,,,,,26.0,Chile,6.444,1.159,1.369,0.92,0.357,0.056
26,,,,,,,,,,,0.175,,,,,,,,,,,,27.0,Guatemala,6.436,0.8,1.269,0.746,0.535,0.078
27,,,,,,,,,,,0.08,,,,,,,,,,,,28.0,Saudi Arabia,6.375,1.403,1.357,0.795,0.439,0.132
28,,,,,,,,,,,0.22,,,,,,,,,,,,29.0,Qatar,6.374,1.684,1.313,0.871,0.555,0.167
29,,,,,,,,,,,0.153,,,,,,,,,,,,30.0,Spain,6.354,1.286,1.484,1.062,0.362,0.079
30,,,,,,,,,,,0.109,,,,,,,,,,,,31.0,Panama,6.321,1.149,1.442,0.91,0.516,0.054
31,,,,,,,,,,,0.099,,,,,,,,,,,,32.0,Brazil,6.3,1.004,1.439,0.802,0.39,0.086
32,,,,,,,,,,,0.127,,,,,,,,,,,,33.0,Uruguay,6.293,1.124,1.465,0.891,0.523,0.15
33,,,,,,,,,,,0.271,,,,,,,,,,,,34.0,Singapore,6.262,1.572,1.463,1.141,0.556,0.453
34,,,,,,,,,,,0.093,,,,,,,,,,,,35.0,El Salvador,6.253,0.794,1.242,0.789,0.43,0.074
35,,,,,,,,,,,0.158,,,,,,,,,,,,36.0,Italy,6.223,1.294,1.488,1.039,0.231,0.03
36,,,,,,,,,,,0.255,,,,,,,,,,,,37.0,Bahrain,6.199,1.362,1.368,0.871,0.536,0.11
37,,,,,,,,,,,0.121,,,,,,,,,,,,38.0,Slovakia,6.198,1.246,1.504,0.881,0.334,0.014
38,,,,,,,,,,,0.185,,,,,,,,,,,,39.0,Trinidad & Tobago,6.192,1.231,1.477,0.713,0.489,0.016
39,,,,,,,,,,,0.117,,,,,,,,,,,,40.0,Poland,6.182,1.206,1.438,0.884,0.483,0.05
40,,,,,,,,,,,0.322,,,,,,,,,,,,41.0,Uzbekistan,6.174,0.745,1.529,0.756,0.631,0.24
41,,,,,,,,,,,0.043,,,,,,,,,,,,42.0,Lithuania,6.149,1.238,1.515,0.818,0.291,0.042
42,,,,,,,,,,,0.099,,,,,,,,,,,,43.0,Colombia,6.125,0.985,1.41,0.841,0.47,0.034
43,,,,,,,,,,,0.144,,,,,,,,,,,,44.0,Slovenia,6.118,1.258,1.523,0.953,0.564,0.057
44,,,,,,,,,,,0.2,,,,,,,,,,,,45.0,Nicaragua,6.105,0.694,1.325,0.835,0.435,0.127
45,,,,,,,,,,,0.262,,,,,,,,,,,,46.0,Kosovo,6.1,0.882,1.232,0.758,0.489,0.006
46,,,,,,,,,,,0.066,,,,,,,,,,,,47.0,Argentina,6.086,1.092,1.432,0.881,0.471,0.05
47,,,,,,,,,,,0.083,,,,,,,,,,,,48.0,Romania,6.07,1.162,1.232,0.825,0.462,0.005
48,,,,,,,,,,,0.19,,,,,,,,,,,,49.0,Cyprus,6.046,1.263,1.223,1.042,0.406,0.041
49,,,,,,,,,,,0.126,,,,,,,,,,,,50.0,Ecuador,6.028,0.912,1.312,0.868,0.498,0.087
50,,,,,,,,,,,0.142,,,,,,,,,,,,51.0,Kuwait,6.021,1.5,1.319,0.808,0.493,0.097
51,,,,,,,,,,,0.359,,,,,,,,,,,,52.0,Thailand,6.008,1.05,1.409,0.828,0.557,0.028
52,,,,,,,,,,,0.075,,,,,,,,,,,,53.0,Latvia,5.94,1.187,1.465,0.812,0.264,0.064
53,,,,,,,,,,,0.175,,,,,,,,,,,,54.0,South Korea,5.895,1.301,1.219,1.036,0.159,0.056
54,,,,,,,,,,,0.103,,,,,,,,,,,,55.0,Estonia,5.893,1.237,1.528,0.874,0.495,0.161
55,,,,,,,,,,,0.107,,,,,,,,,,,,56.0,Jamaica,5.89,0.831,1.478,0.831,0.49,0.028
56,,,,,,,,,,,0.215,,,,,,,,,,,,57.0,Mauritius,5.888,1.12,1.402,0.798,0.498,0.06
57,,,,,,,,,,,0.069,,,,,,,,,,,,58.0,Japan,5.886,1.327,1.419,1.088,0.445,0.14
58,,,,,,,,,,,0.246,,,,,,,,,,,,59.0,Honduras,5.86,0.642,1.236,0.828,0.507,0.078
59,,,,,,,,,,,0.146,,,,,,,,,,,,60.0,Kazakhstan,5.809,1.173,1.508,0.729,0.41,0.096
60,,,,,,,,,,,0.137,,,,,,,,,,,,61.0,Bolivia,5.779,0.776,1.209,0.706,0.511,0.064
61,,,,,,,,,,,0.081,,,,,,,,,,,,62.0,Hungary,5.758,1.201,1.41,0.828,0.199,0.02
62,,,,,,,,,,,0.184,,,,,,,,,,,,63.0,Paraguay,5.743,0.855,1.475,0.777,0.514,0.08
63,,,,,,,,,,,0.191,,,,,,,,,,,,64.0,Northern Cyprus,5.718,1.263,1.252,1.042,0.417,0.162
64,,,,,,,,,,,0.083,,,,,,,,,,,,65.0,Peru,5.697,0.96,1.274,0.854,0.455,0.027
65,,,,,,,,,,,0.047,,,,,,,,,,,,66.0,Portugal,5.693,1.221,1.431,0.999,0.508,0.025
66,,,,,,,,,,,0.22,,,,,,,,,,,,67.0,Pakistan,5.653,0.677,0.886,0.535,0.313,0.098
67,,,,,,,,,,,0.082,,,,,,,,,,,,68.0,Russia,5.648,1.183,1.452,0.726,0.334,0.031
68,,,,,,,,,,,0.117,,,,,,,,,,,,69.0,Philippines,5.631,0.807,1.293,0.657,0.558,0.107
69,,,,,,,,,,,0.137,,,,,,,,,,,,70.0,Serbia,5.603,1.004,1.383,0.854,0.282,0.039
70,,,,,,,,,,,0.181,,,,,,,,,,,,71.0,Moldova,5.529,0.685,1.328,0.739,0.245,0.0
71,,,,,,,,,,,0.133,,,,,,,,,,,,72.0,Libya,5.525,1.044,1.303,0.673,0.416,0.152
72,,,,,,,,,,,0.142,,,,,,,,,,,,73.0,Montenegro,5.523,1.051,1.361,0.871,0.197,0.08
73,,,,,,,,,,,0.23,,,,,,,,,,,,74.0,Tajikistan,5.467,0.493,1.098,0.718,0.389,0.144
74,,,,,,,,,,,0.119,,,,,,,,,,,,75.0,Croatia,5.432,1.155,1.266,0.914,0.296,0.022
75,,,,,,,,,,,0.258,,,,,,,,,,,,76.0,Hong Kong,5.43,1.438,1.277,1.122,0.44,0.287
76,,,,,,,,,,,0.113,,,,,,,,,,,,77.0,Dominican Republic,5.425,1.015,1.401,0.779,0.497,0.101
77,,,,,,,,,,,0.263,,,,,,,,,,,,78.0,Bosnia and Herzegovina,5.386,0.945,1.212,0.845,0.212,0.006
78,,,,,,,,,,,0.083,,,,,,,,,,,,79.0,Turkey,5.373,1.183,1.36,0.808,0.195,0.106
79,,,,,,,,,,,0.26,,,,,,,,,,,,80.0,Malaysia,5.339,1.221,1.171,0.828,0.508,0.024
80,,,,,,,,,,,0.094,,,,,,,,,,,,81.0,Belarus,5.323,1.067,1.465,0.789,0.235,0.142
81,,,,,,,,,,,0.0,,,,,,,,,,,,82.0,Greece,5.287,1.181,1.156,0.999,0.067,0.034
82,,,,,,,,,,,0.235,,,,,,,,,,,,83.0,Mongolia,5.285,0.948,1.531,0.667,0.317,0.038
83,,,,,,,,,,,0.185,,,,,,,,,,,,84.0,North Macedonia,5.274,0.983,1.294,0.838,0.345,0.034
84,,,,,,,,,,,0.215,,,,,,,,,,,,85.0,Nigeria,5.265,0.696,1.111,0.245,0.426,0.041
85,,,,,,,,,,,0.3,,,,,,,,,,,,86.0,Kyrgyzstan,5.261,0.551,1.438,0.723,0.508,0.023
86,,,,,,,,,,,0.244,,,,,,,,,,,,87.0,Turkmenistan,5.247,1.052,1.538,0.657,0.394,0.028
87,,,,,,,,,,,0.073,,,,,,,,,,,,88.0,Algeria,5.211,1.002,1.16,0.785,0.086,0.114
88,,,,,,,,,,,0.036,,,,,,,,,,,,89.0,Morocco,5.208,0.801,0.782,0.782,0.418,0.076
89,,,,,,,,,,,0.035,,,,,,,,,,,,90.0,Azerbaijan,5.208,1.043,1.147,0.769,0.351,0.182
90,,,,,,,,,,,0.166,,,,,,,,,,,,91.0,Lebanon,5.197,0.987,1.224,0.815,0.216,0.027
91,,,,,,,,,,,0.498,,,,,,,,,,,,92.0,Indonesia,5.192,0.931,1.203,0.66,0.491,0.028
92,,,,,,,,,,,0.058,,,,,,,,,,,,93.0,China,5.191,1.029,1.125,0.893,0.521,0.1
93,,,,,,,,,,,0.147,,,,,,,,,,,,94.0,Vietnam,5.175,0.741,1.346,0.851,0.543,0.073
94,,,,,,,,,,,0.37,,,,,,,,,,,,95.0,Bhutan,5.082,0.813,1.321,0.604,0.457,0.167
95,,,,,,,,,,,0.187,,,,,,,,,,,,96.0,Cameroon,5.044,0.549,0.91,0.331,0.381,0.037
96,,,,,,,,,,,0.081,,,,,,,,,,,,97.0,Bulgaria,5.011,1.092,1.513,0.815,0.311,0.004
97,,,,,,,,,,,0.245,,,,,,,,,,,,98.0,Ghana,4.996,0.611,0.868,0.486,0.381,0.04
98,,,,,,,,,,,0.154,,,,,,,,,,,,99.0,Ivory Coast,4.944,0.569,0.808,0.232,0.352,0.09
99,,,,,,,,,,,0.285,,,,,,,,,,,,100.0,Nepal,4.913,0.446,1.226,0.677,0.439,0.089
100,,,,,,,,,,,0.11,,,,,,,,,,,,101.0,Jordan,4.906,0.837,1.225,0.815,0.383,0.13
101,,,,,,,,,,,0.175,,,,,,,,,,,,102.0,Benin,4.883,0.393,0.437,0.397,0.349,0.082
102,,,,,,,,,,,0.105,,,,,,,,,,,,103.0,Congo (Brazzaville),4.812,0.673,0.799,0.508,0.372,0.093
103,,,,,,,,,,,0.043,,,,,,,,,,,,104.0,Gabon,4.799,1.057,1.183,0.571,0.295,0.055
104,,,,,,,,,,,0.266,,,,,,,,,,,,105.0,Laos,4.796,0.764,1.03,0.551,0.547,0.164
105,,,,,,,,,,,0.13,,,,,,,,,,,,106.0,South Africa,4.722,0.96,1.351,0.469,0.389,0.055
106,,,,,,,,,,,0.178,,,,,,,,,,,,107.0,Albania,4.719,0.947,0.848,0.874,0.383,0.027
107,,,,,,,,,,,0.064,,,,,,,,,,,,108.0,Venezuela,4.707,0.96,1.427,0.805,0.154,0.047
108,,,,,,,,,,,0.232,,,,,,,,,,,,109.0,Cambodia,4.7,0.574,1.122,0.637,0.609,0.062
109,,,,,,,,,,,0.103,,,,,,,,,,,,110.0,Palestinian Territories,4.696,0.657,1.247,0.672,0.225,0.066
110,,,,,,,,,,,0.153,,,,,,,,,,,,111.0,Senegal,4.681,0.45,1.134,0.571,0.292,0.072
111,,,,,,,,,,,0.243,,,,,,,,,,,,112.0,Somalia,4.668,0.0,0.698,0.268,0.559,0.27
112,,,,,,,,,,,0.07,,,,,,,,,,,,113.0,Namibia,4.639,0.879,1.313,0.477,0.401,0.056
113,,,,,,,,,,,0.188,,,,,,,,,,,,114.0,Niger,4.628,0.138,0.774,0.366,0.318,0.102
114,,,,,,,,,,,0.177,,,,,,,,,,,,115.0,Burkina Faso,4.587,0.331,1.056,0.38,0.255,0.113
115,,,,,,,,,,,0.095,,,,,,,,,,,,116.0,Armenia,4.559,0.85,1.055,0.815,0.283,0.064
116,,,,,,,,,,,0.27,,,,,,,,,,,,117.0,Iran,4.548,1.1,0.842,0.785,0.305,0.125
117,,,,,,,,,,,0.207,,,,,,,,,,,,118.0,Guinea,4.534,0.38,0.829,0.375,0.332,0.086
118,,,,,,,,,,,0.043,,,,,,,,,,,,119.0,Georgia,4.519,0.886,0.666,0.752,0.346,0.164
119,,,,,,,,,,,0.269,,,,,,,,,,,,120.0,Gambia,4.516,0.308,0.939,0.428,0.382,0.167
120,,,,,,,,,,,0.372,,,,,,,,,,,,121.0,Kenya,4.509,0.512,0.983,0.581,0.431,0.053
121,,,,,,,,,,,0.106,,,,,,,,,,,,122.0,Mauritania,4.49,0.57,1.167,0.489,0.066,0.088
122,,,,,,,,,,,0.197,,,,,,,,,,,,123.0,Mozambique,4.466,0.204,0.986,0.39,0.494,0.138
123,,,,,,,,,,,0.059,,,,,,,,,,,,124.0,Tunisia,4.461,0.921,1.0,0.815,0.167,0.055
124,,,,,,,,,,,0.166,,,,,,,,,,,,125.0,Bangladesh,4.456,0.562,0.928,0.723,0.527,0.143
125,,,,,,,,,,,0.148,,,,,,,,,,,,126.0,Iraq,4.437,1.043,0.98,0.574,0.241,0.089
126,,,,,,,,,,,0.212,,,,,,,,,,,,127.0,Congo (Kinshasa),4.418,0.094,1.125,0.357,0.269,0.053
127,,,,,,,,,,,0.153,,,,,,,,,,,,128.0,Mali,4.39,0.385,1.105,0.308,0.327,0.052
128,,,,,,,,,,,0.252,,,,,,,,,,,,129.0,Sierra Leone,4.374,0.268,0.841,0.242,0.309,0.045
129,,,,,,,,,,,0.244,,,,,,,,,,,,130.0,Sri Lanka,4.366,0.949,1.265,0.831,0.47,0.047
130,,,,,,,,,,,0.566,,,,,,,,,,,,131.0,Myanmar,4.36,0.71,1.181,0.555,0.525,0.172
131,,,,,,,,,,,0.198,,,,,,,,,,,,132.0,Chad,4.35,0.35,0.766,0.192,0.174,0.078
132,,,,,,,,,,,0.187,,,,,,,,,,,,133.0,Ukraine,4.332,0.82,1.39,0.739,0.178,0.01
133,,,,,,,,,,,0.209,,,,,,,,,,,,134.0,Ethiopia,4.286,0.336,1.033,0.532,0.344,0.1
134,,,,,,,,,,,0.074,,,,,,,,,,,,135.0,Swaziland,4.212,0.811,1.149,0.0,0.313,0.135
135,,,,,,,,,,,0.252,,,,,,,,,,,,136.0,Uganda,4.189,0.332,1.069,0.443,0.356,0.06
136,,,,,,,,,,,0.076,,,,,,,,,,,,137.0,Egypt,4.166,0.913,1.039,0.644,0.241,0.067
137,,,,,,,,,,,0.247,,,,,,,,,,,,138.0,Zambia,4.107,0.578,1.058,0.426,0.431,0.087
138,,,,,,,,,,,0.177,,,,,,,,,,,,139.0,Togo,4.085,0.275,0.572,0.41,0.293,0.085
139,,,,,,,,,,,0.2,,,,,,,,,,,,140.0,India,4.015,0.755,0.765,0.588,0.498,0.085
140,,,,,,,,,,,0.233,,,,,,,,,,,,141.0,Liberia,3.975,0.073,0.922,0.443,0.37,0.033
141,,,,,,,,,,,0.275,,,,,,,,,,,,142.0,Comoros,3.973,0.274,0.757,0.505,0.142,0.078
142,,,,,,,,,,,0.169,,,,,,,,,,,,143.0,Madagascar,3.933,0.274,0.916,0.555,0.148,0.041
143,,,,,,,,,,,0.107,,,,,,,,,,,,144.0,Lesotho,3.802,0.489,1.169,0.168,0.359,0.093
144,,,,,,,,,,,0.176,,,,,,,,,,,,145.0,Burundi,3.775,0.046,0.447,0.38,0.22,0.18
145,,,,,,,,,,,0.151,,,,,,,,,,,,146.0,Zimbabwe,3.663,0.366,1.114,0.433,0.361,0.089
146,,,,,,,,,,,0.419,,,,,,,,,,,,147.0,Haiti,3.597,0.323,0.688,0.449,0.026,0.11
147,,,,,,,,,,,0.025,,,,,,,,,,,,148.0,Botswana,3.488,1.041,1.145,0.538,0.455,0.1
148,,,,,,,,,,,0.331,,,,,,,,,,,,149.0,Syria,3.462,0.619,0.378,0.44,0.013,0.141
149,,,,,,,,,,,0.218,,,,,,,,,,,,150.0,Malawi,3.41,0.191,0.56,0.495,0.443,0.089
150,,,,,,,,,,,0.108,,,,,,,,,,,,151.0,Yemen,3.38,0.287,1.163,0.463,0.143,0.077
151,,,,,,,,,,,0.217,,,,,,,,,,,,152.0,Rwanda,3.334,0.359,0.711,0.614,0.555,0.411
152,,,,,,,,,,,0.276,,,,,,,,,,,,153.0,Tanzania,3.231,0.476,0.885,0.499,0.417,0.147
153,,,,,,,,,,,0.158,,,,,,,,,,,,154.0,Afghanistan,3.203,0.35,0.517,0.361,0.0,0.025
154,,,,,,,,,,,0.235,,,,,,,,,,,,155.0,Central African Republic,3.083,0.026,0.0,0.105,0.225,0.035
155,,,,,,,,,,,0.202,,,,,,,,,,,,156.0,South Sudan,2.853,0.306,0.575,0.295,0.01,0.091
